vereador;tipo;numero;data;ementa;url
"CLAUDEMIR DOMINGUES CORTEZ";"Emenda a Projeto de Lei";"1 ao Projeto de Lei Nº 28/2026";"20/08/2026";"Emenda ao Projeto de Lei Nº 28/2026 - Institui o ‘Programa Municipal Remédio em Casa’, que regulamenta a entrega domiciliar de medicamentos da Farmácia Municipal aos usuários do SUS com dificuldade de locomoção";"https://charqueada.siscam.com.br/Vereadores/Proposituras/223"
"CLAUDEMIR DOMINGUES CORTEZ";"";"135/2026";"31/08/2026";"Solicita ao Executivo estudar a abertura de uma ligação entre a Avenida Luiza Gava Zotelle até a Rua Antonio Novoletto, no bairro de Santa Luzia.";"https://charqueada.siscam.com.br/Vereadores/Proposituras/223"
"CLAUDEMIR DOMINGUES CORTEZ";"";"134/2026";"31/08/2026";"Solicita ao Executivo providenciar a dedetização das bocas de lobo dos bairros do Recreio e Santa Luzia, aí incluídos o Jardim Panorama e o Santa Rita.";"https://charqueada.siscam.com.br/Vereadores/Proposituras/223"
"CLAUDEMIR DOMINGUES CORTEZ";"";"117/2026";"06/08/2026";"Solicita ao Executivo estudar a possibilidade de implantar uma academia ao ar livre no Jardim Panorama, bairro de Santa Luzia.";"https://charqueada.siscam.com.br/Vereadores/Proposituras/223"
"CLAUDEMIR DOMINGUES CORTEZ";"";"116/2026";"06/08/2026";"Solicita ao Executivo que providencie a execução do serviço de se molhar as ruas do bairro dos Alves de forma constante.";"https://charqueada.siscam.com.br/Vereadores/Proposituras/223"
"CLAUDEMIR DOMINGUES CORTEZ";"";"113/2026";"03/08/2026";"Solicita ao Executivo providenciar a implantação de uma área de lazer e quadra de futsal, na Rua Alberto Zotelle, no bairro de Santa Luzia.";"https://charqueada.siscam.com.br/Vereadores/Proposituras/223"
"CLAUDEMIR DOMINGUES CORTEZ";"";"104/2026";"20/07/2026";"Solicita ao Executivo providenciar a implantação de uma faixa elevada na altura do número 266 da Rua Cezira Chitolina Siviero, no bairro de Santa Luzia.";"https://charqueada.siscam.com.br/Vereadores/Proposituras/223"
"CLAUDEMIR DOMINGUES CORTEZ";"";"103/2026";"20/07/2026";"Solicita ao Executivo providenciar a execução de serviço de recape da Rua Ângelo Ré, no bairro do Recreio.";"https://charqueada.siscam.com.br/Vereadores/Proposituras/223"
"CLAUDEMIR DOMINGUES CORTEZ";"";"101/2026";"08/07/2026";"Solicita ao Executivo providenciar com urgência a execução de serviço de desentupimento de bueiro situado defronte ao número 123 da Rua Caetano Vicentin, no Jardim Elite, bairro de Santa Luzia.";"https://charqueada.siscam.com.br/Vereadores/Proposituras/223"
"CLAUDEMIR DOMINGUES CORTEZ";"";"98/2026";"06/07/2026";"Solicita ao Executivo providenciar a pintura externa do prédio do posto de saúde do bairro de Santa Luzia, bem como, no mesmo local, também na área externa. instalar bancos de concreto.";"https://charqueada.siscam.com.br/Vereadores/Proposituras/223"
"CLAUDEMIR DOMINGUES CORTEZ";"";"97/2026";"06/07/2026";"Solicita ao Executivo providenciar a execução de serviço de reparo no muro do Estádio Municipal “Reinaldo Siviero” no bairro de Santa Luzia, no trecho que faz divisa com a Capela Santa Luzia.";"https://charqueada.siscam.com.br/Vereadores/Proposituras/223"
"CLAUDEMIR DOMINGUES CORTEZ";"";"129/2026";"17/06/2026";"Solicita ao Executivo providenciar a implantação de um ponto de ônibus na Rua Eugênio Lavorante, no Jardim Panorama, bairro de Santa Luzia.";"https://charqueada.siscam.com.br/Vereadores/Proposituras/223"
"CLAUDEMIR DOMINGUES CORTEZ";"";"96/2026";"17/06/2026";"Solicita ao Executivo providenciar o fornecimento de transporte público gratuito para as crianças dos bairros do Recreio, Paraisolândia, Santa Luzia e Santa Rita participarem de atividades esportivas em Charqueada.";"https://charqueada.siscam.com.br/Vereadores/Proposituras/223"
"CLAUDEMIR DOMINGUES CORTEZ";"";"94/2026";"15/06/2026";"Solicita ao Executivo providenciar a revitalização da sinalização de solo nas ruas dos bairros do Recreio e Santa Luzia, aí incluído o Jardim Santa Rita.";"https://charqueada.siscam.com.br/Vereadores/Proposituras/223"
"CLAUDEMIR DOMINGUES CORTEZ";"";"93/2026";"15/06/2026";"Solicita ao Executivo estudar a possibilidade de se implantar uma areninha esportiva no bairro de Santa Luzia.";"https://charqueada.siscam.com.br/Vereadores/Proposituras/223"
"CLAUDEMIR DOMINGUES CORTEZ";"";"85/2026";"01/06/2026";"Solicita ao Executivo providenciar o recapeamento integral da Via José Bologna, desde o Jardim Elite até a entrada do bairro do Recreio, bem como a manutenção da calçada existente ao longo da referida via.";"https://charqueada.siscam.com.br/Vereadores/Proposituras/223"
"CLAUDEMIR DOMINGUES CORTEZ";"";"84/2026";"01/06/2026";"Solicita ao Executivo estudar a instalação de um alambrado que permita a separação das ruas Henrique Defante, Leopoldina Luiza Prata Defante e Dovílio Siviero, no bairro de Santa Luzia, de área de mata existente no local.";"https://charqueada.siscam.com.br/Vereadores/Proposituras/223"
"CLAUDEMIR DOMINGUES CORTEZ";"";"78/2026";"19/05/2026";"Solicita ao Executivo estudar a implantação de sinalização de solo, principalmente faixa de pedestres, e sinalização vertical nas escolas dos bairros do Recreio e Santa Luzia.";"https://charqueada.siscam.com.br/Vereadores/Proposituras/223"
"CLAUDEMIR DOMINGUES CORTEZ";"";"77/2026";"19/05/2026";"Solicita ao Executivo providenciar a instalação de um portão para acesso ao campo de areia do bairro do Recreio.";"https://charqueada.siscam.com.br/Vereadores/Proposituras/223"
"CLAUDEMIR DOMINGUES CORTEZ";"";"72/2026";"07/05/2026";"Solicita ao Executivo de providenciar a aplicação de fresado de asfalto na altura do nº 370 da Avenida Paulo Meneghel, no bairro do Recreio, até o desvio anexo à mesma rua.";"https://charqueada.siscam.com.br/Vereadores/Proposituras/223"
"CLAUDEMIR DOMINGUES CORTEZ";"";"67/2026";"29/04/2026";"Solicita ao Executivo providenciar a implantação de corrimãos nas escadas e rampas de acesso à cadeirantes no prédio da fisioterapia, na Rua Mário Pedrolli.";"https://charqueada.siscam.com.br/Vereadores/Proposituras/223"
"CLAUDEMIR DOMINGUES CORTEZ";"";"66/2026";"28/04/2026";"Solicita ao Executivo estudar a reaplicação do fresado de asfalto, ou ainda, a manutenção geral ou o asfaltamento da Rua Regina Vicentin Diehl, no bairro dos Alves, Santa Luzia.";"https://charqueada.siscam.com.br/Vereadores/Proposituras/223"
"CLAUDEMIR DOMINGUES CORTEZ";"";"62/2026";"13/04/2026";"Solicita ao Executivo providenciar a troca e implantação de placas de denominação de ruas do bairro de Santa Luzia.";"https://charqueada.siscam.com.br/Vereadores/Proposituras/223"
"CLAUDEMIR DOMINGUES CORTEZ";"";"61/2026";"13/04/2026";"Solicita ao Executivo estudar a implantação de uma calçada ligando a SP-308 à Rua José Bologna, no bairro de Santa Luzia.";"https://charqueada.siscam.com.br/Vereadores/Proposituras/223"
"CLAUDEMIR DOMINGUES CORTEZ";"";"50/2026";"25/03/2026";"Solicita ao Executivo estudar a instalação de mais um parque infantil no bairro de Santa Luzia, bem como instalar o parque infantil do bairro do Recreio que ainda não foi implantado.";"https://charqueada.siscam.com.br/Vereadores/Proposituras/223"
"CLAUDEMIR DOMINGUES CORTEZ";"";"47/2026";"23/03/2026";"Solicita ao Executivo providenciar à manutenção das instalações do Estádio “Pedro Gava”, no bairro do Recreio.";"https://charqueada.siscam.com.br/Vereadores/Proposituras/223"
"CLAUDEMIR DOMINGUES CORTEZ";"";"46/2026";"23/03/2026";"Solicita ao Executivo providenciar à manutenção da drenagem do antigo campo de areia do bairro de Santa Luzia, ao lado do campo de futebol.";"https://charqueada.siscam.com.br/Vereadores/Proposituras/223"
"CLAUDEMIR DOMINGUES CORTEZ";"";"25/2026";"12/02/2026";"Solicita ao Executivo providenciar à manutenção do campo sintético do bairro do Recreio.";"https://charqueada.siscam.com.br/Vereadores/Proposituras/223"
"CLAUDEMIR DOMINGUES CORTEZ";"";"235/2025";"01/12/2025";"Solicita ao Executivo providenciar a instalação de um portão para acesso ao campo de areia do bairro do Recreio.";"https://charqueada.siscam.com.br/Vereadores/Proposituras/223"
"CLAUDEMIR DOMINGUES CORTEZ";"";"233/2025";"27/11/2025";"Solicita ao Executivo estudar a implantação de sinalização de solo, principalmente faixa de pedestres, e sinalização vertical nas escolas dos bairros do Recreio e Santa Luzia.";"https://charqueada.siscam.com.br/Vereadores/Proposituras/223"
"CLAUDEMIR DOMINGUES CORTEZ";"";"232/2025";"27/11/2025";"Solicita ao Executivo estudar a implantação um ponto de ônibus na Via José D´Abronzo, defronte à Travessa Domingos Petrocelli, no bairro Córrego da Onça.";"https://charqueada.siscam.com.br/Vereadores/Proposituras/223"
"CLAUDEMIR DOMINGUES CORTEZ";"";"228/2025";"18/11/2025";"Solicita ao Executivo providenciar à manutenção do sistema de iluminação do campo de areia do bairro do Recreio.";"https://charqueada.siscam.com.br/Vereadores/Proposituras/223"
"CLAUDEMIR DOMINGUES CORTEZ";"";"227/2025";"18/11/2025";"Solicita ao Executivo providenciar à manutenção das instalações do Estádio “Pedro Gava”, no bairro do Recreio.";"https://charqueada.siscam.com.br/Vereadores/Proposituras/223"
"CLAUDEMIR DOMINGUES CORTEZ";"";"220/2025";"03/11/2025";"Solicita ao Executivo estudar a implantação de redutores de velocidade nas ruas Pedro Boscariol e Santa Júlia, no bairro do Recreio.";"https://charqueada.siscam.com.br/Vereadores/Proposituras/223"
"CLAUDEMIR DOMINGUES CORTEZ";"";"218/2025";"30/10/2025";"Solicita ao Executivo providenciar à implantação de um ponto de ônibus na Estada Vicinal José Bologna, no Jardim Elite, no sentido Jardim Elite/Recreio, defronte a ponto de ônibus já existente no mesmo local.";"https://charqueada.siscam.com.br/Vereadores/Proposituras/223"
"CLAUDEMIR DOMINGUES CORTEZ";"";"206/2025";"03/10/2025";"Solicita ao Executivo providenciar à implantação de calçada em trecho da Via Dr. Celso Silveira Mello, imediações do número 1555.";"https://charqueada.siscam.com.br/Vereadores/Proposituras/223"
"CLAUDEMIR DOMINGUES CORTEZ";"";"200/2025";"01/10/2025";"Solicita ao Executivo providenciar à regularização de altura do redutor de velocidade situado nas imediações do número 522 da Rua São Pedro, no bairro do Recreio.";"https://charqueada.siscam.com.br/Vereadores/Proposituras/223"
"CLAUDEMIR DOMINGUES CORTEZ";"";"194/2025";"11/09/2025";"Solicita ao Executivo providenciar à manutenção da drenagem de água de chuva no antigo campo de areia, ao lado do campo de futebol do bairro Santa Luzia.";"https://charqueada.siscam.com.br/Vereadores/Proposituras/223"
"CLAUDEMIR DOMINGUES CORTEZ";"";"193/2025";"11/09/2025";"Solicita ao Executivo providenciar à manutenção das calçadas da Rua Regina Vicentin Diehl, no bairro de Santa Luzia.";"https://charqueada.siscam.com.br/Vereadores/Proposituras/223"
"CLAUDEMIR DOMINGUES CORTEZ";"";"186/2025";"01/09/2025";"Solicita ao Executivo providenciar a cessão de tendas e barracas para a feira do produtor do bairro Santa Luzia.";"https://charqueada.siscam.com.br/Vereadores/Proposituras/223"
"CLAUDEMIR DOMINGUES CORTEZ";"";"177/2025";"20/08/2025";"Solicita ao Executivo providenciar a manutenção dos redutores de velocidade, a colocação de placas de sinalização, bem como a aplicação de fresado de asfalto na Rua Arlindo Roncato, ao lado da Capela, no bairro da Gloria, além de considerar a manutenção da estrada que dá acesso ao referido bairro, desde seu início, no bairro Córrego da Onça.";"https://charqueada.siscam.com.br/Vereadores/Proposituras/223"
"CLAUDEMIR DOMINGUES CORTEZ";"";"168/2025";"31/07/2025";"Solicita ao Executivo estudar a implantação de um redutor de velocidade nas imediações do número 72 da Rua Sebastiana Gouveia de Oliveira, no Jardim Santa Rita.";"https://charqueada.siscam.com.br/Vereadores/Proposituras/223"
"CLAUDEMIR DOMINGUES CORTEZ";"";"167/2025";"31/07/2025";"Solicita ao Executivo providenciar as trocas das placas de sinalização vertical de trânsito, bem como refazer a sinalização de solo nas ruas dos bairros Santa Luzia e Recreio.";"https://charqueada.siscam.com.br/Vereadores/Proposituras/223"
"CLAUDEMIR DOMINGUES CORTEZ";"";"152/2025";"17/07/2025";"Solicita ao Executivo estudar a execução de serviço de tapa-buracos nas ruas Dovílio Siviero, Sebastiana Gouveia de Oliveira, Augusto Palma, Eugênio Lavorante, Cezira Chitolina Siviero, Alerame Siviero, Caetano Vicentin e José Bologna, no bairro de Santa Luzia, e nas ruas José Turchi e José Salvador Segredo, no bairro do Recreio, bem como, no mesmo bairro, o recape da Rua Ângelo Ré.";"https://charqueada.siscam.com.br/Vereadores/Proposituras/223"
"CLAUDEMIR DOMINGUES CORTEZ";"";"146/2025";"07/07/2025";"Solicita ao Executivo estudar a instalação de um alambrado que permita a separação das ruas Henrique Defante, Leopoldina Luiza Prata Defante e Dovílio Siviero, no bairro de Santa Luzia, de área de mata existente no local.";"https://charqueada.siscam.com.br/Vereadores/Proposituras/223"
"CLAUDEMIR DOMINGUES CORTEZ";"";"143/2025";"13/06/2025";"Solicita ao Executivo providenciar, junto à CPFL, a colocação de um braço de luz no último poste da Rua Avelina Chiquito Righi, nas imediações do número 355, no bairro de Santa Luzia.";"https://charqueada.siscam.com.br/Vereadores/Proposituras/223"
"CLAUDEMIR DOMINGUES CORTEZ";"";"136/2025";"30/05/2025";"Solicita ao Executivo providenciar com urgência o reforço no patrulhamento da Guarda Municipal e da Polícia Militar, mesmo durante o dia, nos bairros de Santa Luzia, Jardim Santa Rita, Recreio e Paraisolândia, além de iniciar estudos visando a reativação da base da Guarda Municipal no bairro do Recreio.";"https://charqueada.siscam.com.br/Vereadores/Proposituras/223"
"CLAUDEMIR DOMINGUES CORTEZ";"";"134/2025";"26/05/2025";"Solicita ao Executivo estudar junto a Comissão Municipal de Trânsito a implantação de redutores de velocidade, um nas imediações do número 151 e outro na altura do ponto de ônibus escolar, na Rua Regina Vicentin Diehl, no bairro de Santa Luzia.";"https://charqueada.siscam.com.br/Vereadores/Proposituras/223"
"CLAUDEMIR DOMINGUES CORTEZ";"";"114/2025";"29/04/2025";"Solicita ao Executivo providenciar a pintura externa do prédio do posto de saúde do bairro de Santa Luzia, bem como, no mesmo local, também na área externa. instalar bancos de concreto.";"https://charqueada.siscam.com.br/Vereadores/Proposituras/223"
"CLAUDEMIR DOMINGUES CORTEZ";"";"113/2025";"29/04/2025";"Solicita ao Executivo providenciar à recuperação do pavimento da rotatória que dá acesso a empresa Kerakoll, às margens da SP-308";"https://charqueada.siscam.com.br/Vereadores/Proposituras/223"
"CLAUDEMIR DOMINGUES CORTEZ";"";"112/2025";"29/04/2025";"Solicita ao Executivo providenciar à manutenção de canaleta de escoamento de água situada na esquina da Avenida Ítalo Lorandi com a Rua Nossa Senhora do Rosário.";"https://charqueada.siscam.com.br/Vereadores/Proposituras/223"
"CLAUDEMIR DOMINGUES CORTEZ";"";"110/2025";"17/04/2025";"Solicita ao Executivo proceder à manutenção do ponto de ônibus situado às margens da SP-308, na Rua Cezira Chitolina Siviero, entrada do bairro de Santa Luzia.";"https://charqueada.siscam.com.br/Vereadores/Proposituras/223"
"CLAUDEMIR DOMINGUES CORTEZ";"";"109/2025";"17/04/2025";"Solicita ao Executivo providenciar, junto ao setor competente, a implantação de redutores de velocidade na altura do número 06 da Rua Cezira Chitolina Siviero, no bairro de Santa Luzia.";"https://charqueada.siscam.com.br/Vereadores/Proposituras/223"
"CLAUDEMIR DOMINGUES CORTEZ";"";"101/2025";"10/04/2025";"Solicita ao Executivo providenciar a execução de serviço de manutenção dos banheiros públicos da praça “Francisco Gadotti”, no bairro do Recreio e após a manutenção que o mesmo permaneça aberto para uso da comunidade.";"https://charqueada.siscam.com.br/Vereadores/Proposituras/223"
"CLAUDEMIR DOMINGUES CORTEZ";"";"72/2025";"19/03/2025";"Solicita ao Executivo providenciar o recapeamento integral da Via José Bologna, desde o Jardim Elite até a entrada do bairro do Recreio, bem como a manutenção da calçada existente ao longo da referida via.";"https://charqueada.siscam.com.br/Vereadores/Proposituras/223"
"CLAUDEMIR DOMINGUES CORTEZ";"";"71/2025";"19/03/2025";"Solicita ao Executivo estudar, junto à Comissão de Trânsito, a possibilidade de se proibir o estacionamento de veículos de um dos lados da Avenida Cezira Chitolina Siviero, no bairro de Santa Luzia, nos dias úteis nos horários de pico, bem como o dia todo durante os finais de semana.";"https://charqueada.siscam.com.br/Vereadores/Proposituras/223"
"CLAUDEMIR DOMINGUES CORTEZ";"";"70/2025";"19/03/2025";"Solicita ao Executivo providenciar, junto à Comissão de Trânsito, um estudo a fim de que o trecho da Avenida Cezira Chitolina Siviero situado entre a caixa d´água e a padaria, seja de mão única.";"https://charqueada.siscam.com.br/Vereadores/Proposituras/223"
"CLAUDEMIR DOMINGUES CORTEZ";"";"69/2025";"19/03/2025";"Solicita ao Executivo estudar a possibilidade de se implantar uma areninha esportiva no bairro de Santa Luzia.";"https://charqueada.siscam.com.br/Vereadores/Proposituras/223"
"CLAUDEMIR DOMINGUES CORTEZ";"";"48/2025";"27/02/2025";"Solicita ao Executivo reinstalar o ponto de ônibus retirado da Rua Regina Vicentini Diehl, no bairro de Santa Luzia.";"https://charqueada.siscam.com.br/Vereadores/Proposituras/223"
"CLAUDEMIR DOMINGUES CORTEZ";"";"47/2025";"27/02/2025";"Solicita ao Executivo providenciar, junto ao setor competente, a implantação de uma faixa elevada e uma vaga de estacionamento para cadeirantes defronte à Igreja Assembleia de Deus do bairro do Recreio, situada no número 371 da Avenida Paulo Menghel.";"https://charqueada.siscam.com.br/Vereadores/Proposituras/223"
"CLAUDEMIR DOMINGUES CORTEZ";"";"46/2025";"27/02/2025";"Solicita ao Executivo estudar, junto à Comissão de Trânsito, a implantação de redutores de velocidade na altura do número 66 da Rua Eliza Bassinello Fedrigo e na altura do número 107 da Rua Caetano Vicentin, no bairro de Santa Luzia.";"https://charqueada.siscam.com.br/Vereadores/Proposituras/223"
"CLAUDEMIR DOMINGUES CORTEZ";"";"36/2025";"18/02/2025";"Solicita ao Executivo estudar a execução de serviço de tapa-buracos na Rua José Custódio Martins, no Jardim Elite, bairro de Santa Luzia.";"https://charqueada.siscam.com.br/Vereadores/Proposituras/223"
"CLAUDEMIR DOMINGUES CORTEZ";"";"35/2025";"18/02/2025";"Solicita ao Executivo providenciar o aumento do trabalho de ronda da Guarda Municipal no bairro de Santa Luzia, principalmente no horário de retorno dos ônibus escolares no período noturno.";"https://charqueada.siscam.com.br/Vereadores/Proposituras/223"
"CLAUDEMIR DOMINGUES CORTEZ";"";"34/2025";"18/02/2025";"Solicita ao Executivo estudar a implantação de uma calçada ligando a SP-308 à Rua José Bologna, no bairro de Santa Luzia.";"https://charqueada.siscam.com.br/Vereadores/Proposituras/223"
"CLAUDEMIR DOMINGUES CORTEZ";"";"11/2025";"14/01/2025";"Solicita ao Executivo providenciar a implantação de uma faixa elevada na Avenida José Bologna, no Jardim Elite, defronte ao ponto de ônibus.";"https://charqueada.siscam.com.br/Vereadores/Proposituras/223"
"CLAUDEMIR DOMINGUES CORTEZ";"";"9/2025";"13/01/2025";"Solicita ao Executivo providenciar a manutenção geral do Estádio “Reinaldo Siviero”, no bairro de Santa Luzia.";"https://charqueada.siscam.com.br/Vereadores/Proposituras/223"
"CLAUDEMIR DOMINGUES CORTEZ";"";"5/2025";"09/01/2025";"Solicita ao Executivo providenciar a troca e implantação de placas de denominação de ruas do bairro de Santa Luzia.";"https://charqueada.siscam.com.br/Vereadores/Proposituras/223"
"CLAUDEMIR DOMINGUES CORTEZ";"";"3/2025";"09/01/2025";"Solicita ao Executivo providenciar a manutenção da tampa do bueiro situado no número 175 da Avenida Corumbataí, no bairro do Recreio.";"https://charqueada.siscam.com.br/Vereadores/Proposituras/223"
"CLAUDEMIR DOMINGUES CORTEZ";"";"1/2025";"09/01/2025";"Solicita ao Executivo providenciar a implantação de um bebedouro de água e a manutenção da área de lazer do loteamento Jardim Santa Rita, no bairro de Santa Luzia.";"https://charqueada.siscam.com.br/Vereadores/Proposituras/223"
"CLAUDEMIR DOMINGUES CORTEZ";"";"15/2026";"30/07/2026";"De pesar pelo falecimento do Senhor Noel Antonio Paulon";"https://charqueada.siscam.com.br/Vereadores/Proposituras/223"
"CLAUDEMIR DOMINGUES CORTEZ";"";"13/2026";"08/05/2026";"Estabelece o Regime Jurídico, dispõe sobre a reorganização administrativa do quadro de pessoal, consolida as leis que regem os servidores da Câmara Municipal de Charqueada/SP, e dá outras providências.";"https://charqueada.siscam.com.br/Vereadores/Proposituras/223"
"CLAUDEMIR DOMINGUES CORTEZ";"";"1/2025";"05/03/2025";"Fixa os valores dos subsídios dos Vereadores e do Presidente da Câmara Municipal de Charqueada/SP, na forma prevista pelo art. 29, inciso VI, da Constituição Federal de 1988, e dá outras providências";"https://charqueada.siscam.com.br/Vereadores/Proposituras/223"
"CLAUDEMIR DOMINGUES CORTEZ";"";"37/2026";"24/08/2026";"De informações ao Senhor Chefe do Executivo solicitando um estudo para o aumento da oferta de transporte público municipal especialmente nos horários de pico";"https://charqueada.siscam.com.br/Vereadores/Proposituras/223"
"FERNANDO PIVA CIARAMELLO";"";"1/2025";"14/01/2025";"Institui Comissão Temporária com fulcro no art. 40, inc. II, da Resolução nº 02 de 22 de dezembro de 2020, objetivando acompanhar a execução orçamentária, observando o disposto no art. 70 c/c art. 166, § 1º, II, da CF; para que se busque aperfeiçoamento das metas e indicadores, tornando-os mais objetivos e, ainda, de modo que seja possível aferir com precisão a efetividade dos programas governamentais";"https://charqueada.siscam.com.br/Vereadores/Proposituras/17"
"FERNANDO PIVA CIARAMELLO";"";"4/2025";"03/12/2025";"Aprova as contas da Prefeitura Municipal de Charqueada, referentes ao exercício financeiro de 2023, conforme especifica";"https://charqueada.siscam.com.br/Vereadores/Proposituras/17"
"FERNANDO PIVA CIARAMELLO";"";"3/2025";"26/08/2025";"Decreta a perda do mandato da Vereadora Therezinha Angélica Mandro Tietz por meio da cassação por quebra de decoro parlamentar";"https://charqueada.siscam.com.br/Vereadores/Proposituras/17"
"FERNANDO PIVA CIARAMELLO";"";"1/2025";"15/07/2025";"Outorga o título de “Cidadão Charqueadense” ao Sr. Anderson Valdir Ortiz.";"https://charqueada.siscam.com.br/Vereadores/Proposituras/17"
"FERNANDO PIVA CIARAMELLO";"Emenda a Projeto de Lei";"1 ao Projeto de Lei Nº 28/2026";"20/08/2026";"Emenda ao Projeto de Lei Nº 28/2026 - Institui o ‘Programa Municipal Remédio em Casa’, que regulamenta a entrega domiciliar de medicamentos da Farmácia Municipal aos usuários do SUS com dificuldade de locomoção";"https://charqueada.siscam.com.br/Vereadores/Proposituras/17"
"FERNANDO PIVA CIARAMELLO";"";"133/2026";"27/08/2026";"Solicita ao Executivo estudar a implantação de fila preferencial para os pacientes usuários da farmácia municipal.";"https://charqueada.siscam.com.br/Vereadores/Proposituras/17"
"FERNANDO PIVA CIARAMELLO";"";"131/2026";"24/08/2026";"Solicita ao Executivo estudar a aquisição de mais um ônibus para o transporte público municipal.";"https://charqueada.siscam.com.br/Vereadores/Proposituras/17"
"FERNANDO PIVA CIARAMELLO";"";"130/2026";"21/08/2026";"Solicita ao Executivo estudar o retorno do tráfego de veículos em mão dupla de direção, na Rua Princesa Isabel, no bairro Jardim Marussig.";"https://charqueada.siscam.com.br/Vereadores/Proposituras/17"
"FERNANDO PIVA CIARAMELLO";"";"102/2026";"16/07/2026";"Solicita ao Executivo providenciar a implantação de iluminação pública na academia ao ar livre instalada no bairro da Rocinha.";"https://charqueada.siscam.com.br/Vereadores/Proposituras/17"
"FERNANDO PIVA CIARAMELLO";"";"56/2026";"09/04/2026";"Solicita ao Executivo providenciar a execução de serviço de recape da Via Jose Navaretti.";"https://charqueada.siscam.com.br/Vereadores/Proposituras/17"
"FERNANDO PIVA CIARAMELLO";"";"55/2026";"09/04/2026";"Solicita ao Executivo providenciar o serviço de reforma e ampliação do deck de madeira da serra.";"https://charqueada.siscam.com.br/Vereadores/Proposituras/17"
"FERNANDO PIVA CIARAMELLO";"";"54/2026";"09/04/2026";"Solicita ao Executivo estudar a implantação de um projeto de área de lazer no loteamento residencial Sancinetti.";"https://charqueada.siscam.com.br/Vereadores/Proposituras/17"
"FERNANDO PIVA CIARAMELLO";"";"52/2026";"07/04/2026";"Solicita ao Executivo providenciar a execução de serviço de lavagem e limpeza de todos os bancos das praças municipais.";"https://charqueada.siscam.com.br/Vereadores/Proposituras/17"
"FERNANDO PIVA CIARAMELLO";"";"12/2026";"02/02/2026";"Solicita ao Executivo providenciar a substituição dos equipamentos de ar condicionado das salas do velório municipal.";"https://charqueada.siscam.com.br/Vereadores/Proposituras/17"
"FERNANDO PIVA CIARAMELLO";"";"11/2026";"29/01/2026";"Solicita ao Executivo estudar junto à CPFL uma parceria visando a substituição das lâmpadas de vapor de mercúrio da iluminação pública de todas as ruas do Município por lâmpadas de LED, bem como instalar a mesma iluminação na Praça Antonio D´Alprat.";"https://charqueada.siscam.com.br/Vereadores/Proposituras/17"
"FERNANDO PIVA CIARAMELLO";"";"6/2026";"23/01/2026";"Solicita ao Executivo providenciar a implantação de um quiosque na praça Caetano Parisi.";"https://charqueada.siscam.com.br/Vereadores/Proposituras/17"
"FERNANDO PIVA CIARAMELLO";"";"203/2025";"01/10/2025";"Solicita ao Executivo providenciar a instalação de um parque infantil no bairro Córrego da Onça.";"https://charqueada.siscam.com.br/Vereadores/Proposituras/17"
"FERNANDO PIVA CIARAMELLO";"";"160/2025";"29/07/2025";"Solicita ao Executivo implantar um equipamento fotográfico de radar, no semáforo situado no cruzamento da Rua 1º de Maio com a Rua 18 de agosto";"https://charqueada.siscam.com.br/Vereadores/Proposituras/17"
"FERNANDO PIVA CIARAMELLO";"";"159/2025";"29/07/2025";"Solicita ao Executivo implantar sistema de iluminação pública ao longo do trecho que se estende do Clube de Campo até o final da estrada velha que liga Charqueada a São Pedro.";"https://charqueada.siscam.com.br/Vereadores/Proposituras/17"
"FERNANDO PIVA CIARAMELLO";"";"135/2025";"30/05/2025";"Solicita ao Executivo envidar esforços visando a pavimentação asfáltica da estrada do bairro de Paraisolândia até a Usina Granelli.";"https://charqueada.siscam.com.br/Vereadores/Proposituras/17"
"FERNANDO PIVA CIARAMELLO";"";"131/2025";"20/05/2025";"Solicita ao Executivo providenciar a implantação de um playground em área defronte ao campo de futebol do bairro de Paraisolândia.";"https://charqueada.siscam.com.br/Vereadores/Proposituras/17"
"FERNANDO PIVA CIARAMELLO";"";"119/2025";"29/04/2025";"Solicita ao Executivo providenciar à limpeza e manutenção do campo de areia do bairro do Recreio.";"https://charqueada.siscam.com.br/Vereadores/Proposituras/17"
"FERNANDO PIVA CIARAMELLO";"";"118/2025";"29/04/2025";"Solicita ao Executivo providenciar à recuperação do parque infantil da área de lazer do Lago dos Biris.";"https://charqueada.siscam.com.br/Vereadores/Proposituras/17"
"FERNANDO PIVA CIARAMELLO";"";"68/2025";"19/03/2025";"Solicita ao Executivo providenciar a designação de um funcionário público fixo para atuar no Cemitério Municipal, bem como atualizar o sistema de cadastros de sepulturas.";"https://charqueada.siscam.com.br/Vereadores/Proposituras/17"
"FERNANDO PIVA CIARAMELLO";"";"67/2025";"19/03/2025";"Solicita ao Executivo estudar a ampliação da rede de câmeras de monitoramento instaladas no Município.";"https://charqueada.siscam.com.br/Vereadores/Proposituras/17"
"FERNANDO PIVA CIARAMELLO";"";"44/2025";"27/02/2025";"Solicita ao Executivo providenciar a implantação de sistema de iluminação da Concha Acústica da Praça Caetano Parisi.";"https://charqueada.siscam.com.br/Vereadores/Proposituras/17"
"FERNANDO PIVA CIARAMELLO";"";"29/2025";"18/02/2025";"Solicita ao Executivo proceder a execução do serviço de tapa buraco na Rua Regina Vicentini Diehl, no bairro de Santa Luzia.";"https://charqueada.siscam.com.br/Vereadores/Proposituras/17"
"FERNANDO PIVA CIARAMELLO";"";"18/2025";"06/02/2025";"Solicita ao Executivo estudar, junto à Comissão de Trânsito, a possibilidade de se permitir o estacionamento de veículos apenas em um lado da Rua Osair Costa, no bairro Jardim Solar.";"https://charqueada.siscam.com.br/Vereadores/Proposituras/17"
"FERNANDO PIVA CIARAMELLO";"";"16/2025";"06/02/2025";"Solicita ao Executivo para determinar a abertura da piscina municipal à população ao longo de toda a temporada de verão.";"https://charqueada.siscam.com.br/Vereadores/Proposituras/17"
"FERNANDO PIVA CIARAMELLO";"";"14/2025";"06/02/2025";"Solicita ao Executivo providenciar a execução de serviço de melhorias no escoamento de água da Rua Osair Costa, no bairro Jardim Solar.";"https://charqueada.siscam.com.br/Vereadores/Proposituras/17"
"FERNANDO PIVA CIARAMELLO";"";"12/2025";"03/02/2025";"Solicita ao Executivo estudar a possibilidade de se aumentar o número de vagas e o reajuste nos valores oferecidos aos participantes do Programa “Cidadão Protagonista”.";"https://charqueada.siscam.com.br/Vereadores/Proposituras/17"
"FERNANDO PIVA CIARAMELLO";"";"16/2026";"31/08/2026";"De aplausos aos organizadores do Agro Caipira Show 2026 pelo êxito obtido na realização do evento";"https://charqueada.siscam.com.br/Vereadores/Proposituras/17"
"FERNANDO PIVA CIARAMELLO";"";"11/2026";"06/07/2026";"De aplausos às senhoras voluntárias do Fundo Social de Solidariedade de Charqueada pelos relevantes trabalhos realizados em prol das causas sociais do Município";"https://charqueada.siscam.com.br/Vereadores/Proposituras/17"
"FERNANDO PIVA CIARAMELLO";"";"20/2025";"20/10/2025";"De aplausos ao E.C. XV de Novembro de Piracicaba pela conquista da “Copa Paulista” 2025";"https://charqueada.siscam.com.br/Vereadores/Proposituras/17"
"FERNANDO PIVA CIARAMELLO";"";"19/2025";"16/10/2025";"De pesar pelo falecimento do Senhor Oswaldo da Silva";"https://charqueada.siscam.com.br/Vereadores/Proposituras/17"
"FERNANDO PIVA CIARAMELLO";"";"10/2025";"20/05/2025";"De aplausos ao Senhor João Pedro Castilho pelo êxito do evento do dia do trabalhador";"https://charqueada.siscam.com.br/Vereadores/Proposituras/17"
"FERNANDO PIVA CIARAMELLO";"";"7/2025";"14/04/2025";"De aplausos ao Senhor Vítor Cunha pelo êxito na organização do evento “Meia Maratona de Charqueada”";"https://charqueada.siscam.com.br/Vereadores/Proposituras/17"
"FERNANDO PIVA CIARAMELLO";"";"5/2025";"10/04/2025";"De aplausos às Escolas Municipais “Antonio Furlan”, “Braz Giuseppe Fedrigo” e “Erotides de Campos” pelo prêmio “Excelência Educacional – Programa Alfabetiza Juntos – SP, do Governo do Estado";"https://charqueada.siscam.com.br/Vereadores/Proposituras/17"
"FERNANDO PIVA CIARAMELLO";"";"5/2025";"13/08/2025";"Designa servidor para a função de digitador, com vistas a auxiliar Comissão Processante instaurada com base no Decreto-Lei nº 201/67, e dá outras providências";"https://charqueada.siscam.com.br/Vereadores/Proposituras/17"
"FERNANDO PIVA CIARAMELLO";"";"4/2025";"28/05/2025";"Dispõe sobre a constituição de Comissão Processante para apuração de infração Político-Administrativa em face da Vereadora Therezinha Angélica Mandro Tietz, e dá outras providências.";"https://charqueada.siscam.com.br/Vereadores/Proposituras/17"
"FERNANDO PIVA CIARAMELLO";"";"3/2025";"06/01/2025";"Designa servidor responsável pela Tesouraria, e dá outras providências";"https://charqueada.siscam.com.br/Vereadores/Proposituras/17"
"FERNANDO PIVA CIARAMELLO";"";"2/2025";"06/01/2025";"Designa servidor responsável pelo Almoxarifado e Patrimônio, e dá outras providências";"https://charqueada.siscam.com.br/Vereadores/Proposituras/17"
"FERNANDO PIVA CIARAMELLO";"";"1/2025";"06/01/2025";"Constitui Comissão de Abertura e Julgamento de licitações para procedimentos iniciados com base na Lei Nº 8666, de 21 de junho de 1993, para o exercício de 2025, e dá outras providências";"https://charqueada.siscam.com.br/Vereadores/Proposituras/17"
"FERNANDO PIVA CIARAMELLO";"";"3/2025";"30/10/2025";"Aprova as contas da Prefeitura Municipal de Charqueada, referentes ao exercício financeiro de 2023, conforme especifica";"https://charqueada.siscam.com.br/Vereadores/Proposituras/17"
"FERNANDO PIVA CIARAMELLO";"";"10/2026";"19/03/2026";"Altera o caput do artigo 1º da Lei nº 1623, de 08 de maio de 2015, que dispõe sobre isenção do – IPTU e Taxas de Serviços Urbanos a aposentados, pensionistas e portadores de doença graves e seus dependentes, na forma que especifica, e dá outras providências";"https://charqueada.siscam.com.br/Vereadores/Proposituras/17"
"FERNANDO PIVA CIARAMELLO";"";"9/2025";"05/03/2025";"Fixa os valores dos subsídios do Prefeito, Vice-Prefeito e dos Secretários Municipais, na forma prevista pelo art. 29, inciso V, da Constituição Federal de 1988, e dá outras providências";"https://charqueada.siscam.com.br/Vereadores/Proposituras/17"
"FERNANDO PIVA CIARAMELLO";"";"5/2025";"21/02/2025";"Institui o programa de estágio remunerado no âmbito da Câmara Municipal de Charqueada, e dá outras providências";"https://charqueada.siscam.com.br/Vereadores/Proposituras/17"
"FERNANDO PIVA CIARAMELLO";"";"5/2026";"30/01/2026";"Dispõe sobre criação de cargo em comissão no quadro pessoal de servidores do Poder Legislativo Municipal definidos pela Lei Complementar n° 142, de 15 de fevereiro de 1013, altera seu Anexo III, e dá outras providências";"https://charqueada.siscam.com.br/Vereadores/Proposituras/17"
"FERNANDO PIVA CIARAMELLO";"";"4/2026";"28/01/2026";"Dispõe sobre autorização de pagamento retroativo de diferenças de quinquênio e sexta-parte aos servidores públicos efetivos do Poder Legislativo, nos termos da Lei Complementar nº 226/2026, e dá outras providências";"https://charqueada.siscam.com.br/Vereadores/Proposituras/17"
"FERNANDO PIVA CIARAMELLO";"";"2/2026";"13/01/2026";"Concede revisão geral aos servidores do Poder Legislativo de Charqueada, alterando o Anexo III da Lei Complementar nº 142, de 15 de fevereiro de 2013, reajusta respectiva remuneração mediante ganho real, e dá outras providências.";"https://charqueada.siscam.com.br/Vereadores/Proposituras/17"
"FERNANDO PIVA CIARAMELLO";"";"31/2025";"11/08/2025";"Estabelece vedações no bairro “Loteamento Residencial Cidade Jardim”, e dá outras providências";"https://charqueada.siscam.com.br/Vereadores/Proposituras/17"
"FERNANDO PIVA CIARAMELLO";"";"10/2025";"06/03/2025";"Concede revisão geral aos servidores do Poder Legislativo de Charqueada, alterando o Anexo III da Lei Complementar nº 142, de 15 de fevereiro de 2013, reajusta respectiva remuneração mediante ganho real, e dá outras providências.";"https://charqueada.siscam.com.br/Vereadores/Proposituras/17"
"FERNANDO PIVA CIARAMELLO";"";"1/2025";"30/01/2025";"Dispõe sobre criação de cargo em comissão no quadro pessoal de servidores do Poder Legislativo Municipal definidos pela Lei Complementar n° 132, de 25 de abril de 2012, e dá outras providências";"https://charqueada.siscam.com.br/Vereadores/Proposituras/17"
"FERNANDO PIVA CIARAMELLO";"";"2/2025";"07/07/2025";"Altera e acrescenta dispositivos ao Regimento Interno da Câmara Municipal de Charqueada/SP, Resolução nº 02, de 22 de dezembro de 2020, e dá outras providências";"https://charqueada.siscam.com.br/Vereadores/Proposituras/17"
"FERNANDO PIVA CIARAMELLO";"";"1/2025";"05/03/2025";"Fixa os valores dos subsídios dos Vereadores e do Presidente da Câmara Municipal de Charqueada/SP, na forma prevista pelo art. 29, inciso VI, da Constituição Federal de 1988, e dá outras providências";"https://charqueada.siscam.com.br/Vereadores/Proposituras/17"
"FERNANDO PIVA CIARAMELLO";"";"39/2026";"27/08/2026";"De informações ao Senhor Chefe do Executivo acerca da base legal para alteração de sentido de direção da Rua Princesa Isabel";"https://charqueada.siscam.com.br/Vereadores/Proposituras/17"
"FERNANDO PIVA CIARAMELLO";"";"10/2026";"24/03/2026";"Pedido de renúncia do Vereador Fernando Piva Ciaramello ao cargo de Presidente da Câmara Municipal de Charqueada";"https://charqueada.siscam.com.br/Vereadores/Proposituras/17"
"FERNANDO PIVA CIARAMELLO";"";"46/2025";"12/08/2025";"De informações ao Senhor Chefe do Executivo acerca dos itinerários e horários de passagem do transporte escolar em suas respectivas rotas";"https://charqueada.siscam.com.br/Vereadores/Proposituras/17"
"FERNANDO PIVA CIARAMELLO";"";"26/2025";"12/05/2025";"Solicita ao Senhor Chefe do Executivo a íntegra do projeto do Distrito Industrial de Charqueada";"https://charqueada.siscam.com.br/Vereadores/Proposituras/17"
"FERNANDO PIVA CIARAMELLO";"Emenda a Projeto de Lei";"2 ao Projeto de Lei Nº 10/2026";"17/04/2026";"Substitutivo ao Projeto de Lei Nº 10/2026 - Altera o caput do artigo 1º da Lei nº 1623, de 08 de maio de 2015, que dispõe sobre isenção do – IPTU e Taxas de Serviços Urbanos a aposentados, pensionistas e portadores de doença graves e seus dependentes, na forma que especifica, e dá outras providências";"https://charqueada.siscam.com.br/Vereadores/Proposituras/17"
"JAIME RODRIGO FAVA";"";"136/2026";"31/08/2026";"Solicita ao Executivo estudar a implantação de pedalinhos no Lago dos Biris.";"https://charqueada.siscam.com.br/Vereadores/Proposituras/162"
"JAIME RODRIGO FAVA";"";"123/2026";"17/08/2026";"Solicita ao Executivo de estudar a realização de mutirões para vacinação antirrábica, em dia de sábado, nas praças municipais.";"https://charqueada.siscam.com.br/Vereadores/Proposituras/162"
"JAIME RODRIGO FAVA";"";"122/2026";"17/08/2026";"Solicita ao Executivo estudar a realização de mutirões para doação de sangue no Município, ao menos uma vez ao ano, em dia de sábado.";"https://charqueada.siscam.com.br/Vereadores/Proposituras/162"
"JAIME RODRIGO FAVA";"";"121/2026";"17/08/2026";"Solicita ao Executivo providenciar a instalação de climatizadores de ar no ginásio de esportes “Antonio de Paula”.";"https://charqueada.siscam.com.br/Vereadores/Proposituras/162"
"JAIME RODRIGO FAVA";"";"111/2026";"31/07/2026";"Solicita ao Executivo providenciar a manutenção do trecho final da Avenida do Contorno, bem como a aplicação de asfalto no local, além da execução de serviço de tapa buracos no trecho já asfaltado da via que se estende desde as empresas ali situadas até o bairro Jardim Solar.";"https://charqueada.siscam.com.br/Vereadores/Proposituras/162"
"JAIME RODRIGO FAVA";"";"92/2026";"12/06/2026";"Solicita ao Executivo estudar a implantação de uma base avançada da Guarda Civil Municipal no bairro de Santa Luzia.";"https://charqueada.siscam.com.br/Vereadores/Proposituras/162"
"JAIME RODRIGO FAVA";"";"91/2026";"12/06/2026";"Solicita ao Executivo providenciar a implantação um sistema para a redução de velocidade e sinalização de solo na confluência da Avenida Carlos Gomes com a Estrada Municipal Ayrton Senna, defronte ao Clube de Campo.";"https://charqueada.siscam.com.br/Vereadores/Proposituras/162"
"JAIME RODRIGO FAVA";"";"88/2026";"09/06/2026";"Solicita ao Executivo providenciar a implantação de bancos no entorno de todos os parques infantis do Município.";"https://charqueada.siscam.com.br/Vereadores/Proposituras/162"
"JAIME RODRIGO FAVA";"";"80/2026";"20/05/2026";"Solicita ao Executivo providenciar a implantação de placa de denominação na Vicinal “Manoel Carlos dos Santos”, via secundária CHQ-465.";"https://charqueada.siscam.com.br/Vereadores/Proposituras/162"
"JAIME RODRIGO FAVA";"";"79/2026";"20/05/2026";"Solicita ao Executivo proceder a estudo, junto ao setor correlato, para a implantação de um redutor de velocidade na Rua Renato Lorandi, no bairro Vista Alegre.";"https://charqueada.siscam.com.br/Vereadores/Proposituras/162"
"JAIME RODRIGO FAVA";"";"71/2026";"30/04/2026";"Solicita ao Executivo de estudar a implantação de um dispositivo guard-rail na via de passagem entre as ruas Antonio Jerônimo Piazza, no Jardim das Paineiras, e a Rua Hélio Callegaro, no parque infantil do bairro Jardim Solar.";"https://charqueada.siscam.com.br/Vereadores/Proposituras/162"
"JAIME RODRIGO FAVA";"";"70/2026";"30/04/2026";"Solicita ao Executivo providenciar a execução de serviço de tapa buracos na Rua Ernesto Montezzo, no bairro Parque das Paineiras";"https://charqueada.siscam.com.br/Vereadores/Proposituras/162"
"JAIME RODRIGO FAVA";"";"60/2026";"10/04/2026";"Solicita ao Executivo estudar a implantação de faixas elevadas no trecho compreendido entre a entrada da cidade até à base da Polícia Militar.";"https://charqueada.siscam.com.br/Vereadores/Proposituras/162"
"JAIME RODRIGO FAVA";"";"59/2026";"10/04/2026";"Solicita ao Executivo providenciar, com urgência, a execução de serviço de tapa buracos na Rua Francisco Ciaramello, principalmente na esquina da mencionada rua com a Avenida Barão do Rio Branco.";"https://charqueada.siscam.com.br/Vereadores/Proposituras/162"
"JAIME RODRIGO FAVA";"";"57/2026";"09/04/2026";"Solicita ao Executivo providenciar, com urgência, a manutenção do campo sintético da areninha situada na Avenida Barão do Rio Branco.";"https://charqueada.siscam.com.br/Vereadores/Proposituras/162"
"JAIME RODRIGO FAVA";"";"45/2026";"19/03/2026";"Solicita ao Executivo instalar pontos de ônibus escolar na Rua Cecília Inês Zanirato, no Jardim São Benedito e na Rua Nossa Senhora do Rosário, imediações da bicicletaria.";"https://charqueada.siscam.com.br/Vereadores/Proposituras/162"
"JAIME RODRIGO FAVA";"";"42/2026";"19/03/2026";"Solicita ao Executivo estudar a possibilidade de se implantar oficinas de tênis de mesa no Município.";"https://charqueada.siscam.com.br/Vereadores/Proposituras/162"
"JAIME RODRIGO FAVA";"";"32/2026";"02/03/2026";"Solicita ao Executivo estudar a possibilidade de que os trabalhadores das frentes de trabalho do Município que residem nos bairros mais afastados, retirem as cestas básicas a que fazem jus nas escolas dos próprios bairros.";"https://charqueada.siscam.com.br/Vereadores/Proposituras/162"
"JAIME RODRIGO FAVA";"";"27/2026";"20/02/2026";"Solicita ao Executivo providenciar solução para o problema de escoamento de água defronte à Capela São José, no bairro São Benedito.";"https://charqueada.siscam.com.br/Vereadores/Proposituras/162"
"JAIME RODRIGO FAVA";"";"26/2026";"13/02/2026";"Solicita ao Executivo estudar a implantação do sistema de bueiros inteligentes nas vias mais críticas do Município.";"https://charqueada.siscam.com.br/Vereadores/Proposituras/162"
"JAIME RODRIGO FAVA";"";"21/2026";"10/02/2026";"Solicita ao Executivo providenciar a troca de lâmpadas queimadas nas áreas verdes da entrada da cidade, notadamente onde se encontra a academia ao ar livre, bem como na obra do novo posto de saúde, antiga rodoviária municipal.";"https://charqueada.siscam.com.br/Vereadores/Proposituras/162"
"JAIME RODRIGO FAVA";"";"13/2026";"06/02/2026";"Solicita ao Executivo providenciar um estudo para substituição dos atuais pontos de ônibus do Município, por dispositivos mais modernos com a devida cobertura, proteção para chuva e sol, assentos adequados e acessibilidade.";"https://charqueada.siscam.com.br/Vereadores/Proposituras/162"
"JAIME RODRIGO FAVA";"";"4/2026";"23/01/2026";"Solicita ao Executivo providenciar a recuperação de todas as estruturas de madeira parque do Jardim do Bosque, bem como a aplicação de cal no tronco das árvores.";"https://charqueada.siscam.com.br/Vereadores/Proposituras/162"
"JAIME RODRIGO FAVA";"";"212/2025";"30/11/2025";"Solicita ao Executivo proceder a estudo visando a implantação de redutores de velocidade no trecho compreendido entre a Via José Navaretti e a Avenida Estados Unidos";"https://charqueada.siscam.com.br/Vereadores/Proposituras/162"
"JAIME RODRIGO FAVA";"";"231/2025";"27/11/2025";"Solicita ao Executivo estudar a viabilidade de alteração da localização de ponto de ônibus situado na Praça do Jardim Bandeirantes, próximo ao Cantinhos Lanches.";"https://charqueada.siscam.com.br/Vereadores/Proposituras/162"
"JAIME RODRIGO FAVA";"";"225/2025";"18/11/2025";"Solicita ao Executivo providenciar a implantação de um guard-rail na curva existente na Via José Bologna, no Jardim Elite, acesso à SP-308.";"https://charqueada.siscam.com.br/Vereadores/Proposituras/162"
"JAIME RODRIGO FAVA";"";"224/2025";"10/11/2025";"Solicita ao Executivo proceder à manutenção da calçada fronteiriça a agência da Caixa Econômica Federal e da calçada situada na esquina da Avenida Brasil com a Rua São Pedro.";"https://charqueada.siscam.com.br/Vereadores/Proposituras/162"
"JAIME RODRIGO FAVA";"";"214/2025";"30/10/2025";"Solicita ao Executivo providenciar solução para problema de empoçamento de água, mediante a implantação de uma valeta de escoamento ou uma boca de lobo, na esquina das ruas Silvio Sartori com Antonio Semmler Tietz, no bairro Jardim Alvorada.";"https://charqueada.siscam.com.br/Vereadores/Proposituras/162"
"JAIME RODRIGO FAVA";"";"213/2025";"30/10/2025";"Solicita ao Executivo proceder a estudo visando a implantação de redutores de velocidade na confluência da Rua Júlia Manoelina de Camargo Murillo, com a Via José Navaretti, no Jardim Sancinetti.";"https://charqueada.siscam.com.br/Vereadores/Proposituras/162"
"JAIME RODRIGO FAVA";"";"202/2025";"01/10/2025";"Solicita ao Executivo providenciar, junto à Sabesp, a regularização de desnível do pavimento, motivado por manutenção de responsabilidade da respectiva concessionária, na altura do número 173 da Travessa Tupi.";"https://charqueada.siscam.com.br/Vereadores/Proposituras/162"
"JAIME RODRIGO FAVA";"";"201/2025";"01/10/2025";"Solicita ao Executivo providenciar, junto ao setor competente a repintura da sinalização de solo no cruzamento da Rua Santa Cecília com a Rua São Paulo.";"https://charqueada.siscam.com.br/Vereadores/Proposituras/162"
"JAIME RODRIGO FAVA";"";"190/2025";"09/09/2025";"Solicita ao Executivo verificar junto à Sabesp, a razão da ocorrência de retorno de esgoto, em dias de fortes chuvas, nas residências situadas na altura da Avenida Carlos Gomes e da Travessa Luiz Gava.";"https://charqueada.siscam.com.br/Vereadores/Proposituras/162"
"JAIME RODRIGO FAVA";"";"189/2025";"09/09/2025";"Solicita ao Executivo estudar a possibilidade de se implantar redutores de velocidade na proximidade da junção das CHQ-040 e CHQ-348, na Via José Navaretti, altura da Capela e da entrada do bairro Jardim Sancinetti.";"https://charqueada.siscam.com.br/Vereadores/Proposituras/162"
"JAIME RODRIGO FAVA";"";"188/2025";"09/09/2025";"Solicita ao Executivo estudar a possibilidade de se implantar um canteiro na ligação entre a Travessa Luiz Gava e a Avenida Carlos Gomes.";"https://charqueada.siscam.com.br/Vereadores/Proposituras/162"
"JAIME RODRIGO FAVA";"";"187/2025";"09/09/2025";"Solicita ao Executivo providenciar a manutenção das traves, bem como a implantar bancos de concreto junto ao campo e pista de caminhada no entorno do campo de futebol situado à Rua Paschoal Verdi, no bairro Recanto Bela Vista.";"https://charqueada.siscam.com.br/Vereadores/Proposituras/162"
"JAIME RODRIGO FAVA";"";"184/2025";"01/09/2025";"Solicita ao Executivo providenciar a manutenção do redutor de velocidade situado na Rua Hermínio Mariotti, no Jardim do Bosque.";"https://charqueada.siscam.com.br/Vereadores/Proposituras/162"
"JAIME RODRIGO FAVA";"";"183/2025";"01/09/2025";"Solicita ao Executivo estudar a possibilidade de se implantar redutor de velocidade na Rua João Batista Callegaro, sentido bairro/centro, na descida próxima à Via José Navaretti.";"https://charqueada.siscam.com.br/Vereadores/Proposituras/162"
"JAIME RODRIGO FAVA";"";"182/2025";"01/09/2025";"Solicita ao Executivo providenciar a possibilidade de se implantar canteiro, câmera de monitoramento e placa sinalizando conversão proibida na esquina da Rua Nossa Senhora do Rosário com a Avenida Ítalo Lorandi.";"https://charqueada.siscam.com.br/Vereadores/Proposituras/162"
"JAIME RODRIGO FAVA";"";"181/2025";"01/09/2025";"Solicita ao Executivo providenciar a instalação de fornecimento de energia elétrica e uma câmera de monitoramento no contêiner que funciona como escritório do Ecoponto Municipal.";"https://charqueada.siscam.com.br/Vereadores/Proposituras/162"
"JAIME RODRIGO FAVA";"";"170/2025";"07/08/2025";"Solicita ao Executivo providenciar alteração na porta de entrada e instalação de paredes de dry wall no posto de saúde do bairro de Paraisolândia.";"https://charqueada.siscam.com.br/Vereadores/Proposituras/162"
"JAIME RODRIGO FAVA";"";"169/2025";"07/08/2025";"Solicita ao Executivo providenciar a demarcação de vagas de estacionamento defronte a agência do Banco do Brasil, na Rua Governador Pedro de Toledo, no centro da cidade.";"https://charqueada.siscam.com.br/Vereadores/Proposituras/162"
"JAIME RODRIGO FAVA";"";"145/2025";"30/06/2025";"Solicita ao Executivo providenciar a instalação de um bebedouro na Praça Ettore Rivaben, bem como instalar o referido dispositivo nas demais praças que não contam com o mesmo.";"https://charqueada.siscam.com.br/Vereadores/Proposituras/162"
"JAIME RODRIGO FAVA";"";"133/2025";"23/05/2025";"Solicita ao Executivo providenciar execução de melhorias no estacionamento do prédio da Secretaria Municipal de Educação (SEMEC).";"https://charqueada.siscam.com.br/Vereadores/Proposituras/162"
"JAIME RODRIGO FAVA";"";"130/2025";"20/05/2025";"Solicita ao Executivo estudar a implantação de um campo de bocha, se possível em área anexa ao Estádio Municipal “Lázaro Trevisan”.";"https://charqueada.siscam.com.br/Vereadores/Proposituras/162"
"JAIME RODRIGO FAVA";"";"129/2025";"20/05/2025";"Solicita ao Executivo determinar ação da Vigilância Sanitária a fim de verificar problemas com cheiro de esgoto defronte ao sistema de lazer “Natali Agostini”, no sentido centro-bairro, entre os numerais 134 ao 254, bem como em boca de lobo situada nas imediações do número 26 da Rua Dr. Joaquim da Rocha Campos.";"https://charqueada.siscam.com.br/Vereadores/Proposituras/162"
"JAIME RODRIGO FAVA";"";"124/2025";"12/05/2025";"Solicita ao Executivo a implantação de banquinhos e mesas de concreto em área institucional situada defronte ao Centro Cultural de Charqueada.";"https://charqueada.siscam.com.br/Vereadores/Proposituras/162"
"JAIME RODRIGO FAVA";"";"117/2025";"29/04/2025";"Solicita ao Executivo considerar a aplicação de fresado de asfalto ao final da Avenida Paulo Meneghel, na bifurcação que faz a ligação da mesma com o bairro de Paraisolândia, na descida para a ponte do Tamandupá.";"https://charqueada.siscam.com.br/Vereadores/Proposituras/162"
"JAIME RODRIGO FAVA";"";"116/2025";"29/04/2025";"Solicita ao Executivo estudar a possibilidade de se instalar uma proteção de guard-rail defronte à residência situada na esquina das ruas Francisco Martins com Manoel Ferreira da Silva, no bairro Jardim Bela Vista.";"https://charqueada.siscam.com.br/Vereadores/Proposituras/162"
"JAIME RODRIGO FAVA";"";"115/2025";"29/04/2025";"Solicita ao Executivo providenciar, junto à CPFL, a extensão da rede de iluminação pública no trecho final da Avenida Paulo Meneghel, na bifurcação que faz a ligação da mesma com o bairro de Paraisolândia.";"https://charqueada.siscam.com.br/Vereadores/Proposituras/162"
"JAIME RODRIGO FAVA";"";"112/2025";"29/04/2025";"Solicita ao Executivo providenciar à manutenção de canaleta de escoamento de água situada na esquina da Avenida Ítalo Lorandi com a Rua Nossa Senhora do Rosário.";"https://charqueada.siscam.com.br/Vereadores/Proposituras/162"
"JAIME RODRIGO FAVA";"";"98/2025";"10/04/2025";"Solicita ao Executivo estudar a possibilidade de se implantar estruturas de pergolados com arborização na praça do sistema de lazer “Natali Agostini”, anexa ao Estádio Municipal.";"https://charqueada.siscam.com.br/Vereadores/Proposituras/162"
"JAIME RODRIGO FAVA";"";"97/2025";"10/04/2025";"Solicita ao Executivo providenciar a implantação de placa de denominação na Vicinal “Manoel Carlos dos Santos”, via secundária CHQ-465.";"https://charqueada.siscam.com.br/Vereadores/Proposituras/162"
"JAIME RODRIGO FAVA";"";"96/2025";"10/04/2025";"Solicita ao Executivo estudar a possibilidade de se instalar playgrounds de madeira ou plástico nas Praças Municipais.";"https://charqueada.siscam.com.br/Vereadores/Proposituras/162"
"JAIME RODRIGO FAVA";"";"89/2025";"31/03/2025";"Solicita ao Executivo providenciar solução para o problema de escoamento de água defronte à Capela São Benedito, na entrada do bairro Jardim Sancinetti.";"https://charqueada.siscam.com.br/Vereadores/Proposituras/162"
"JAIME RODRIGO FAVA";"";"88/2025";"31/03/2025";"Solicita ao Executivo providenciar a implantação de uma faixa de pedestres na Avenida Liberdade, imediações do Supermercado Paraíso.";"https://charqueada.siscam.com.br/Vereadores/Proposituras/162"
"JAIME RODRIGO FAVA";"";"81/2025";"21/03/2025";"Solicita ao Executivo providenciar um estudo visando a implantação de um guard-rail na esquina das ruas José Azzini e Paschoal Ciaramello, no bairro Jardim Bela Vista.";"https://charqueada.siscam.com.br/Vereadores/Proposituras/162"
"JAIME RODRIGO FAVA";"";"80/2025";"19/03/2025";"Solicita ao Executivo providenciar a instalação de lâmpadas mais potentes em cinco postes de luz situados na Rua Luiz Azzini.";"https://charqueada.siscam.com.br/Vereadores/Proposituras/162"
"JAIME RODRIGO FAVA";"";"64/2025";"10/03/2025";"Solicita ao Executivo estudar a possibilidade de se fornecer camisetas com o logo do Município e o pagamento de inscrições aos atletas locais que participarem de competições regionais.";"https://charqueada.siscam.com.br/Vereadores/Proposituras/162"
"JAIME RODRIGO FAVA";"";"63/2025";"10/03/2025";"Solicita ao Executivo estudar a possibilidade de se implantar oficinas de tênis de mesa no Município.";"https://charqueada.siscam.com.br/Vereadores/Proposituras/162"
"JAIME RODRIGO FAVA";"";"49/2025";"27/02/2025";"Solicita ao Executivo providenciar, junto ao setor competente, a execução de serviço de tapa buracos nas ruas do bairro Parque das Nações.";"https://charqueada.siscam.com.br/Vereadores/Proposituras/162"
"JAIME RODRIGO FAVA";"";"45/2025";"27/02/2025";"Solicita ao Executivo estudar a possibilidade de se implantar um projeto de arborização, de preferência com ipês. em toda a extensão da Via José Bologna, acesso ao bairro do Recreio.";"https://charqueada.siscam.com.br/Vereadores/Proposituras/162"
"JAIME RODRIGO FAVA";"";"43/2025";"24/02/2025";"Solicita ao Executivo providenciar um estudo para substituição dos atuais pontos de ônibus do Município, por dispositivos mais modernos com a devida cobertura, proteção para chuva e sol, assentos adequados e acessibilidade.";"https://charqueada.siscam.com.br/Vereadores/Proposituras/162"
"JAIME RODRIGO FAVA";"";"42/2025";"24/02/2025";"Solicita ao Executivo providenciar um ponto de ônibus, ou, ao menos, uma cobertura provisória no local que está servindo como substituição ao Terminal Rodoviário Municipal, nas imediações do número 200 da Rua São Paulo.";"https://charqueada.siscam.com.br/Vereadores/Proposituras/162"
"JAIME RODRIGO FAVA";"";"37/2025";"18/02/2025";"Solicita ao Executivo providenciar com urgência a recuperação geral do campo de areia do Jardim Alvorada.";"https://charqueada.siscam.com.br/Vereadores/Proposituras/162"
"JAIME RODRIGO FAVA";"";"24/2025";"07/02/2025";"Solicita ao Executivo providenciar a execução de serviço de tapa buracos na Rua Cecília Inês Zanirato, no bairro São Benedito.";"https://charqueada.siscam.com.br/Vereadores/Proposituras/162"
"JAIME RODRIGO FAVA";"";"23/2025";"07/02/2025";"Solicita ao Executivo providenciar a execução de serviço de tapa buracos na Rua Luiz Callovi, no bairro São Benedito.";"https://charqueada.siscam.com.br/Vereadores/Proposituras/162"
"JAIME RODRIGO FAVA";"";"2/2026";"29/01/2026";"De aplausos ao evento “Benta Solidária” e seus organizadores pela realização de sua quinta edição";"https://charqueada.siscam.com.br/Vereadores/Proposituras/162"
"JAIME RODRIGO FAVA";"";"3/2025";"30/10/2025";"Aprova as contas da Prefeitura Municipal de Charqueada, referentes ao exercício financeiro de 2023, conforme especifica";"https://charqueada.siscam.com.br/Vereadores/Proposituras/162"
"JAIME RODRIGO FAVA";"";"1/2026";"15/07/2026";"Acrescenta o artigo 125-A à Lei Orgânica do Município de Charqueada/SP, instituindo o orçamento impositivo na forma que especifica, e dá outras providências";"https://charqueada.siscam.com.br/Vereadores/Proposituras/162"
"JAIME RODRIGO FAVA";"";"27/2026";"13/07/2026";"Dispõe sobre a obrigatoriedade da divulgação de lista de espera por vagas nas creches das unidades escolares de educação infantil da rede municipal de ensino de Charqueada";"https://charqueada.siscam.com.br/Vereadores/Proposituras/162"
"JAIME RODRIGO FAVA";"";"17/2026";"12/06/2026";"Dá denominação à Avenida 01 e às Ruas 01, 02, 03, 04 e 05 do novo Distrito Industrial desta urbe";"https://charqueada.siscam.com.br/Vereadores/Proposituras/162"
"JAIME RODRIGO FAVA";"";"15/2026";"01/06/2026";"Dispõe sobre afixação de cartaz em estabelecimento de saúde, sobre o direito à assistência religiosa dos pacientes";"https://charqueada.siscam.com.br/Vereadores/Proposituras/162"
"JAIME RODRIGO FAVA";"";"9/2026";"05/03/2026";"Dispõe sobre auditoria técnica no material utilizado nas pavimentações, recapeamentos e operações tapa-buraco no Município de Charqueada";"https://charqueada.siscam.com.br/Vereadores/Proposituras/162"
"JAIME RODRIGO FAVA";"";"9/2025";"05/03/2025";"Fixa os valores dos subsídios do Prefeito, Vice-Prefeito e dos Secretários Municipais, na forma prevista pelo art. 29, inciso V, da Constituição Federal de 1988, e dá outras providências";"https://charqueada.siscam.com.br/Vereadores/Proposituras/162"
"JAIME RODRIGO FAVA";"";"5/2025";"21/02/2025";"Institui o programa de estágio remunerado no âmbito da Câmara Municipal de Charqueada, e dá outras providências";"https://charqueada.siscam.com.br/Vereadores/Proposituras/162"
"JAIME RODRIGO FAVA";"";"13/2026";"08/05/2026";"Estabelece o Regime Jurídico, dispõe sobre a reorganização administrativa do quadro de pessoal, consolida as leis que regem os servidores da Câmara Municipal de Charqueada/SP, e dá outras providências.";"https://charqueada.siscam.com.br/Vereadores/Proposituras/162"
"JAIME RODRIGO FAVA";"";"5/2026";"30/01/2026";"Dispõe sobre criação de cargo em comissão no quadro pessoal de servidores do Poder Legislativo Municipal definidos pela Lei Complementar n° 142, de 15 de fevereiro de 1013, altera seu Anexo III, e dá outras providências";"https://charqueada.siscam.com.br/Vereadores/Proposituras/162"
"JAIME RODRIGO FAVA";"";"4/2026";"28/01/2026";"Dispõe sobre autorização de pagamento retroativo de diferenças de quinquênio e sexta-parte aos servidores públicos efetivos do Poder Legislativo, nos termos da Lei Complementar nº 226/2026, e dá outras providências";"https://charqueada.siscam.com.br/Vereadores/Proposituras/162"
"JAIME RODRIGO FAVA";"";"2/2026";"13/01/2026";"Concede revisão geral aos servidores do Poder Legislativo de Charqueada, alterando o Anexo III da Lei Complementar nº 142, de 15 de fevereiro de 2013, reajusta respectiva remuneração mediante ganho real, e dá outras providências.";"https://charqueada.siscam.com.br/Vereadores/Proposituras/162"
"JAIME RODRIGO FAVA";"";"10/2025";"06/03/2025";"Concede revisão geral aos servidores do Poder Legislativo de Charqueada, alterando o Anexo III da Lei Complementar nº 142, de 15 de fevereiro de 2013, reajusta respectiva remuneração mediante ganho real, e dá outras providências.";"https://charqueada.siscam.com.br/Vereadores/Proposituras/162"
"JAIME RODRIGO FAVA";"";"1/2025";"30/01/2025";"Dispõe sobre criação de cargo em comissão no quadro pessoal de servidores do Poder Legislativo Municipal definidos pela Lei Complementar n° 132, de 25 de abril de 2012, e dá outras providências";"https://charqueada.siscam.com.br/Vereadores/Proposituras/162"
"JAIME RODRIGO FAVA";"";"2/2025";"07/07/2025";"Altera e acrescenta dispositivos ao Regimento Interno da Câmara Municipal de Charqueada/SP, Resolução nº 02, de 22 de dezembro de 2020, e dá outras providências";"https://charqueada.siscam.com.br/Vereadores/Proposituras/162"
"JAIME RODRIGO FAVA";"";"1/2025";"05/03/2025";"Fixa os valores dos subsídios dos Vereadores e do Presidente da Câmara Municipal de Charqueada/SP, na forma prevista pelo art. 29, inciso VI, da Constituição Federal de 1988, e dá outras providências";"https://charqueada.siscam.com.br/Vereadores/Proposituras/162"
"JAIME RODRIGO FAVA";"";"40/2026";"27/08/2026";"De informações ao Senhor Chefe do Executivo acerca da realização de campanhas e da cobertura de vacinação antirrábica no Município";"https://charqueada.siscam.com.br/Vereadores/Proposituras/162"
"JAIME RODRIGO FAVA";"";"6/2026";"10/03/2026";"De informações ao Senhor Chefe do Executivo acerca da possibilidade e prazo para a execução de serviço de vedação do telhado e instalação de climatizadores no Ginásio de Esportes “Antonio de Paula”";"https://charqueada.siscam.com.br/Vereadores/Proposituras/162"
"JAIME RODRIGO FAVA";"";"34/2025";"16/06/2025";"De informações ao Senhor Chefe do Executivo acerca de cadastramento de farmácias no programa “Farmácia Popular” do Governo Federal";"https://charqueada.siscam.com.br/Vereadores/Proposituras/162"
"JAIME RODRIGO FAVA";"";"8/2025";"06/03/2025";"De informações ao Senhor Chefe do Executivo acerca de estudo para implantação de lâmpadas de LED no sistema de iluminação pública";"https://charqueada.siscam.com.br/Vereadores/Proposituras/162"
"JAIME RODRIGO FAVA";"";"1 ao Projeto de Emenda à Lei Orgânica Nº 1/2026";"18/08/2026";"Substitutivo ao Projeto de Emenda à Lei Orgânica Nº 1/2026 - Acrescenta o artigo 125-A à Lei Orgânica do Município de Charqueada/SP, instituindo o orçamento impositivo na forma que especifica, e dá outras providências";"https://charqueada.siscam.com.br/Vereadores/Proposituras/162"
"JOÃO EURIDES CARDOSO";"Emenda a Projeto de Lei";"1 ao Projeto de Lei Nº 28/2026";"20/08/2026";"Emenda ao Projeto de Lei Nº 28/2026 - Institui o ‘Programa Municipal Remédio em Casa’, que regulamenta a entrega domiciliar de medicamentos da Farmácia Municipal aos usuários do SUS com dificuldade de locomoção";"https://charqueada.siscam.com.br/Vereadores/Proposituras/207"
"JOÃO EURIDES CARDOSO";"";"1/2026";"12/01/2026";"Solicita ao Executivo providenciar, junto à CPFL, a colocação de dois braços de luz defronte aos números 377 e 395 da Avenida Ítalo Lorandi.";"https://charqueada.siscam.com.br/Vereadores/Proposituras/207"
"JOÃO EURIDES CARDOSO";"";"219/2025";"03/11/2025";"Solicita ao Executivo providenciar à manutenção dos telhados das salas de velório do cemitério municipal.";"https://charqueada.siscam.com.br/Vereadores/Proposituras/207"
"JOÃO EURIDES CARDOSO";"";"215/2025";"30/10/2025";"Solicita ao Executivo proceder a colocação de areia no parque infantil instalado junto ao Estádio “Lázaro Trevisan”, bem como proceder à limpeza dos brinquedos ali existentes.";"https://charqueada.siscam.com.br/Vereadores/Proposituras/207"
"JOÃO EURIDES CARDOSO";"";"87/2025";"27/03/2025";"Solicita ao Executivo estudar a possibilidade de se construir ou implantar uma creche para idosos em nosso Município.";"https://charqueada.siscam.com.br/Vereadores/Proposituras/207"
"JOÃO EURIDES CARDOSO";"";"16/2026";"03/06/2026";"Denomina de “Jordano Zanoni” o Centro Integrado de Saúde do Município de Charqueada/SP";"https://charqueada.siscam.com.br/Vereadores/Proposituras/207"
"JOÃO EURIDES CARDOSO";"";"1/2025";"05/03/2025";"Fixa os valores dos subsídios dos Vereadores e do Presidente da Câmara Municipal de Charqueada/SP, na forma prevista pelo art. 29, inciso VI, da Constituição Federal de 1988, e dá outras providências";"https://charqueada.siscam.com.br/Vereadores/Proposituras/207"
"JOÃO EURIDES CARDOSO";"";"16/2025";"27/03/2025";"De informações ao Senhor Chefe do Executivo acerca da execução de serviços de iluminação em trecho da Praça Caetano Parisi";"https://charqueada.siscam.com.br/Vereadores/Proposituras/207"
"MARIA JOSÉ DA SILVA";"Emenda a Projeto de Lei";"1 ao Projeto de Lei Nº 28/2026";"20/08/2026";"Emenda ao Projeto de Lei Nº 28/2026 - Institui o ‘Programa Municipal Remédio em Casa’, que regulamenta a entrega domiciliar de medicamentos da Farmácia Municipal aos usuários do SUS com dificuldade de locomoção";"https://charqueada.siscam.com.br/Vereadores/Proposituras/208"
"MARIA JOSÉ DA SILVA";"";"1 ao Projeto de Resolução Nº 1/2026";"25/02/2026";"Emenda ao Projeto de Resolução Nº 1/2026 - Institui a Procuradoria da Mulher no âmbito da Câmara Municipal de Charqueada e dá outras providências";"https://charqueada.siscam.com.br/Vereadores/Proposituras/208"
"MARIA JOSÉ DA SILVA";"";"100/2026";"08/07/2026";"Solicita ao Executivo providenciar a instalação de redes nas traves do campo do bairro Jardim Gelsomina.";"https://charqueada.siscam.com.br/Vereadores/Proposituras/208"
"MARIA JOSÉ DA SILVA";"";"73/2026";"07/05/2026";"Solicita ao Executivo providenciar a instalação de lixeiras na Praça do Jardim Bandeirantes.";"https://charqueada.siscam.com.br/Vereadores/Proposituras/208"
"MARIA JOSÉ DA SILVA";"";"41/2026";"19/03/2026";"Solicita ao Executivo providenciar à recuperação do ponto de ônibus do bairro Jardim Gelsomina.";"https://charqueada.siscam.com.br/Vereadores/Proposituras/208"
"MARIA JOSÉ DA SILVA";"";"37/2026";"10/03/2026";"Solicita ao Executivo providenciar à execução de recape na Rua Luiz Campanholo e nas demais ruas do bairro Jardim Gelsomina.";"https://charqueada.siscam.com.br/Vereadores/Proposituras/208"
"MARIA JOSÉ DA SILVA";"";"36/2026";"10/03/2026";"Solicita ao Executivo providenciar à execução de recape na Rua Walter Luiz Di Bene, no Jardim Alvorada I.";"https://charqueada.siscam.com.br/Vereadores/Proposituras/208"
"MARIA JOSÉ DA SILVA";"";"33/2026";"05/03/2026";"Solicita ao Executivo adotar de providências junto à concessionária de energia elétrica e às empresas de telecomunicações para organização, reordenamento e retirada de cabos irregulares nos postes do município.";"https://charqueada.siscam.com.br/Vereadores/Proposituras/208"
"MARIA JOSÉ DA SILVA";"";"31/2026";"02/03/2026";"Solicita ao Executivo providenciar a execução de serviço de tapa buracos na Rua Pastor Moysés de Castro, no bairro GSP Life.";"https://charqueada.siscam.com.br/Vereadores/Proposituras/208"
"MARIA JOSÉ DA SILVA";"";"16/2026";"06/02/2026";"Solicita ao Executivo readequar os redutores de velocidade existentes na estrada velha que liga Charqueada a São Pedro.";"https://charqueada.siscam.com.br/Vereadores/Proposituras/208"
"MARIA JOSÉ DA SILVA";"";"15/2026";"06/02/2026";"Solicita ao Executivo estudar a implantação de uma pista de caminhada no bairro da Água Branca.";"https://charqueada.siscam.com.br/Vereadores/Proposituras/208"
"MARIA JOSÉ DA SILVA";"";"14/2026";"06/02/2026";"Solicita ao Executivo providenciar o serviço de asfaltamento de continuação de trecho sem pavimentação na altura dos números 263, 264, 273 e 283 da Rua Benedito Hélio Roccia, no Jardim Solar.";"https://charqueada.siscam.com.br/Vereadores/Proposituras/208"
"MARIA JOSÉ DA SILVA";"";"10/2026";"28/01/2026";"Solicita ao Executivo providenciar à regularização de altura do redutor de velocidade situado na Rua Hermínio Mariotti, no bairro Jardim do Bosque.";"https://charqueada.siscam.com.br/Vereadores/Proposituras/208"
"MARIA JOSÉ DA SILVA";"";"226/2025";"18/11/2025";"Solicita ao Executivo providenciar a inclusão do bairro Jardim Sancinetti no cronograma da operação “Cata Cacareco”.";"https://charqueada.siscam.com.br/Vereadores/Proposituras/208"
"MARIA JOSÉ DA SILVA";"";"171/2025";"07/08/2025";"Solicita ao Executivo providenciar a iluminação da estrada que dá acesso ao restaurante Manancial Parada do Ciclista.";"https://charqueada.siscam.com.br/Vereadores/Proposituras/208"
"MARIA JOSÉ DA SILVA";"";"150/2025";"11/07/2025";"Solicita ao Executivo providenciar a aquisição de cadeiras de rodas e de banho para a Secretaria de Ação Social.";"https://charqueada.siscam.com.br/Vereadores/Proposituras/208"
"MARIA JOSÉ DA SILVA";"";"123/2025";"08/05/2025";"Solicita ao Executivo providenciar a troca das redes do campo de areia do bairro Jardim Gelsomina.";"https://charqueada.siscam.com.br/Vereadores/Proposituras/208"
"MARIA JOSÉ DA SILVA";"";"122/2025";"08/05/2025";"Solicita ao Executivo estudar, junto ao setor correlato, a implantação de um redutor de velocidade na altura do número 192 da Rua Carlos Roncato, no bairro Jardim Gelsomina.";"https://charqueada.siscam.com.br/Vereadores/Proposituras/208"
"MARIA JOSÉ DA SILVA";"";"121/2025";"08/05/2025";"Solicita ao Executivo providenciar solução para problema de empoçamento de água verificado na altura do número 395 da Rua Silvio Sartori, no bairro Jardim Alvorada.";"https://charqueada.siscam.com.br/Vereadores/Proposituras/208"
"MARIA JOSÉ DA SILVA";"";"33/2025";"18/02/2025";"Solicita ao Executivo providenciar à execução de serviço de tapa buracos na Rua Walter Luiz Di Bene, no Jardim Alvorada I.";"https://charqueada.siscam.com.br/Vereadores/Proposituras/208"
"MARIA JOSÉ DA SILVA";"";"32/2025";"18/02/2025";"Solicita ao Executivo promover a manutenção do campo de areia do bairro Jardim Gelsomina.";"https://charqueada.siscam.com.br/Vereadores/Proposituras/208"
"MARIA JOSÉ DA SILVA";"";"31/2025";"18/02/2025";"Solicita ao Executivo providenciar a implantação de dois braços de luz nos postes situados nas imediações do restaurante Manancial Parada do Ciclista.";"https://charqueada.siscam.com.br/Vereadores/Proposituras/208"
"MARIA JOSÉ DA SILVA";"";"30/2025";"18/02/2025";"Solicita ao Executivo providenciar a instalação de equipamentos de ar condicionado na sala de informática situada no prédio da Secretaria Municipal de Educação.";"https://charqueada.siscam.com.br/Vereadores/Proposituras/208"
"MARIA JOSÉ DA SILVA";"";"9/2026";"28/01/2025";"Solicita ao Executivo estudar, junto ao setor correlato, a implantação de um redutor de velocidade na altura do número 121 da Rua Paschoal Ciaramello, no bairro Jardim Bela Vista.";"https://charqueada.siscam.com.br/Vereadores/Proposituras/208"
"MARIA JOSÉ DA SILVA";"";"14/2025";"23/06/2025";"De aplausos à Professora Cássia Daniela Pedrolli Fini por seus 31 anos de magistério no Município de Charqueada";"https://charqueada.siscam.com.br/Vereadores/Proposituras/208"
"MARIA JOSÉ DA SILVA";"";"1/2025";"05/03/2025";"Fixa os valores dos subsídios dos Vereadores e do Presidente da Câmara Municipal de Charqueada/SP, na forma prevista pelo art. 29, inciso VI, da Constituição Federal de 1988, e dá outras providências";"https://charqueada.siscam.com.br/Vereadores/Proposituras/208"
"PAULO ROGÉRIO FATTORE";"Emenda a Projeto de Lei";"1 ao Projeto de Lei Nº 28/2026";"20/08/2026";"Emenda ao Projeto de Lei Nº 28/2026 - Institui o ‘Programa Municipal Remédio em Casa’, que regulamenta a entrega domiciliar de medicamentos da Farmácia Municipal aos usuários do SUS com dificuldade de locomoção";"https://charqueada.siscam.com.br/Vereadores/Proposituras/211"
"PAULO ROGÉRIO FATTORE";"";"132/2026";"27/08/2026";"Solicita ao Executivo proceder a manutenção de todos os equipamentos da academia ao ar livre do bairro Jardim Bandeirantes.";"https://charqueada.siscam.com.br/Vereadores/Proposituras/211"
"PAULO ROGÉRIO FATTORE";"";"127/2026";"17/08/2026";"Solicita ao Executivo estudar a implantação de bueiro para escoamento de água na esquina das Ruas Antonio Bacin e Sebastião Padilha, no bairro de Paraisolândia.";"https://charqueada.siscam.com.br/Vereadores/Proposituras/211"
"PAULO ROGÉRIO FATTORE";"";"124/2026";"17/08/2026";"Solicita ao Executivo providenciar a implantação de postes de iluminação pública na Via José D´Abronzo, acesso ao bairro Ressaca.";"https://charqueada.siscam.com.br/Vereadores/Proposituras/211"
"PAULO ROGÉRIO FATTORE";"";"119/2026";"10/08/2026";"Solicita ao Executivo providenciar a colocação de bancos de concreto no parque infantil do Lago dos Biris.";"https://charqueada.siscam.com.br/Vereadores/Proposituras/211"
"PAULO ROGÉRIO FATTORE";"";"118/2026";"10/08/2026";"Solicita ao Executivo providenciar a execução de serviço de tapa buracos na Avenida Carlos Gomes, trecho situado logo abaixo o ponto de ônibus, junto à sarjeta.";"https://charqueada.siscam.com.br/Vereadores/Proposituras/211"
"PAULO ROGÉRIO FATTORE";"";"107/2026";"27/07/2026";"Solicita ao Executivo providenciar a aplicação de fresado de asfalto em trecho sem saída situado na confluência das ruas Pacano Giuseppe com a Constante Faganello no bairro de Paraisolândia.";"https://charqueada.siscam.com.br/Vereadores/Proposituras/211"
"PAULO ROGÉRIO FATTORE";"";"106/2026";"27/07/2026";"Solicita ao Executivo providenciar a execução de serviço de limpeza de canaleta de escoamento de água situada na parte de trás da Rua Constante Faganello, no bairro de Paraisolândia.";"https://charqueada.siscam.com.br/Vereadores/Proposituras/211"
"PAULO ROGÉRIO FATTORE";"";"102/2026";"16/07/2026";"Solicita ao Executivo providenciar a implantação de iluminação pública na academia ao ar livre instalada no bairro da Rocinha.";"https://charqueada.siscam.com.br/Vereadores/Proposituras/211"
"PAULO ROGÉRIO FATTORE";"";"99/2026";"08/07/2026";"Solicita ao Executivo providenciar a colocação de uma mesa com bancos de concreto no quiosque situado nas imediações do parque infantil do bairro de Paraisolândia.";"https://charqueada.siscam.com.br/Vereadores/Proposituras/211"
"PAULO ROGÉRIO FATTORE";"";"95/2026";"15/06/2026";"Solicita ao Executivo providenciar a colocação de três braços de luz em postes situados ao final da Rua Antonio Bacin, no bairro de Paraisolândia.";"https://charqueada.siscam.com.br/Vereadores/Proposituras/211"
"PAULO ROGÉRIO FATTORE";"";"90/2026";"12/06/2026";"Solicita ao Executivo providenciar a colocação de bancos de concreto no entorno da calçada construída junto ao antigo barracão de açúcar e no balão do areião, no bairro de Paraisolândia.";"https://charqueada.siscam.com.br/Vereadores/Proposituras/211"
"PAULO ROGÉRIO FATTORE";"";"74/2026";"07/05/2026";"Solicita ao Executivo estudar a possibilidade de se aumentar o muro existente nos fundos da EMEB “Erotides de Campos”, no bairro de Paraisolândia.";"https://charqueada.siscam.com.br/Vereadores/Proposituras/211"
"PAULO ROGÉRIO FATTORE";"";"69/2026";"29/04/2026";"Solicita ao Executivo providenciar a colocação de telas anti-pombos no ginásio de esportes da Escola “Áurea Montezzo Beismann”.";"https://charqueada.siscam.com.br/Vereadores/Proposituras/211"
"PAULO ROGÉRIO FATTORE";"";"68/2026";"29/04/2026";"Solicita ao Executivo providenciar a implantação de um campo de areia com iluminação para a prática de futebol e vôlei, no bairro Portal do Itaqueri.";"https://charqueada.siscam.com.br/Vereadores/Proposituras/211"
"PAULO ROGÉRIO FATTORE";"";"67/2026";"29/04/2026";"Solicita ao Executivo providenciar a implantação de corrimãos nas escadas e rampas de acesso à cadeirantes no prédio da fisioterapia, na Rua Mário Pedrolli.";"https://charqueada.siscam.com.br/Vereadores/Proposituras/211"
"PAULO ROGÉRIO FATTORE";"";"65/2026";"16/04/2026";"Solicita ao Executivo estudar a possibilidade de implantar uma academia ao ar livre no bairro Portal do Itaqueri.";"https://charqueada.siscam.com.br/Vereadores/Proposituras/211"
"PAULO ROGÉRIO FATTORE";"";"64/2026";"16/04/2026";"Solicita ao Executivo providenciar a regularização da altura de redutor de velocidade situado na Rua São Francisco, entrada do bairro de Paraisolândia.";"https://charqueada.siscam.com.br/Vereadores/Proposituras/211"
"PAULO ROGÉRIO FATTORE";"";"63/2026";"16/04/2026";"Solicita ao Executivo estudar a implantação de uma pista de caminhada em volta do parque infantil, no bairro de Paraisolândia.";"https://charqueada.siscam.com.br/Vereadores/Proposituras/211"
"PAULO ROGÉRIO FATTORE";"";"58/2026";"09/04/2026";"Solicita ao Executivo providenciar, com urgência, a manutenção do campo soçaite do bairro Jardim Alvorada.";"https://charqueada.siscam.com.br/Vereadores/Proposituras/211"
"PAULO ROGÉRIO FATTORE";"";"57/2026";"09/04/2026";"Solicita ao Executivo providenciar, com urgência, a manutenção do campo sintético da areninha situada na Avenida Barão do Rio Branco.";"https://charqueada.siscam.com.br/Vereadores/Proposituras/211"
"PAULO ROGÉRIO FATTORE";"";"44/2026";"19/03/2026";"Solicita ao Executivo providenciar a implantação de manilhas para escoamento de águas pluviais na Via José D´Abronzo, no bairro da Ressaca.";"https://charqueada.siscam.com.br/Vereadores/Proposituras/211"
"PAULO ROGÉRIO FATTORE";"";"38/2026";"14/03/2026";"Solicita ao Executivo providenciar com urgência a implantação de um ponto de ônibus na Via José D´Abronzo, no bairro da Ressaca.";"https://charqueada.siscam.com.br/Vereadores/Proposituras/211"
"PAULO ROGÉRIO FATTORE";"";"28/2026";"23/02/2026";"Solicita ao Executivo providenciar a implantação de uma rampa de acessibilidade para portadores de necessidades especiais na Rua Bom Jesus, esquina com a Rua Pedro Castilho, no bairro de Paraisolândia.";"https://charqueada.siscam.com.br/Vereadores/Proposituras/211"
"PAULO ROGÉRIO FATTORE";"";"2/2026";"12/02/2026";"Solicita ao Executivo providenciar a execução de serviços de manutenção geral nas ruas dos bairros Rocinha, Portal do Itaqueri e dos Garcia.";"https://charqueada.siscam.com.br/Vereadores/Proposituras/211"
"PAULO ROGÉRIO FATTORE";"";"23/2026";"11/02/2026";"Solicita ao Executivo providenciar a implantação de um dreno para escoar a água que se acumula no parque infantil do bairro de Paraisolândia.";"https://charqueada.siscam.com.br/Vereadores/Proposituras/211"
"PAULO ROGÉRIO FATTORE";"";"20/2026";"06/02/2026";"Solicita ao Executivo providenciar à melhoria da iluminação da Praça José Doná, no Jardim Bandeirantes.";"https://charqueada.siscam.com.br/Vereadores/Proposituras/211"
"PAULO ROGÉRIO FATTORE";"";"7/2026";"23/01/2026";"Solicita ao Executivo intensificar as ações do serviço de tapa buracos nas ruas do bairro de Paraisolândia, bem como promover ao recape geral das ruas do Jardim São Sebastião (bairro dos Faganello).";"https://charqueada.siscam.com.br/Vereadores/Proposituras/211"
"PAULO ROGÉRIO FATTORE";"";"5/2026";"23/01/2026";"Solicita ao Executivo estudar a possibilidade de se estender a faixa de asfalto a ser colocada na Rua Valentim Sanches no bairro de Paraisolândia até o bairro Faganello.";"https://charqueada.siscam.com.br/Vereadores/Proposituras/211"
"PAULO ROGÉRIO FATTORE";"";"234/2025";"27/11/2025";"Solicita ao Executivo providenciar a substituição das lixeiras do entorno do da pista de caminhada do Estádio Municipal “Lázaro Trevisan”.";"https://charqueada.siscam.com.br/Vereadores/Proposituras/211"
"PAULO ROGÉRIO FATTORE";"";"229/2025";"18/11/2025";"Solicita ao Executivo providenciar a manutenção do sistema de escoamento de água da curva do Sobradinho, na via Dr. Joaquim Enéas Zarur Bacin.";"https://charqueada.siscam.com.br/Vereadores/Proposituras/211"
"PAULO ROGÉRIO FATTORE";"";"223/2025";"07/11/2025";"Solicita ao Executivo providenciar a manutenção geral da quadra de esportes do ginásio da EMEB “José Pedro Mariotti”.";"https://charqueada.siscam.com.br/Vereadores/Proposituras/211"
"PAULO ROGÉRIO FATTORE";"";"222/2025";"07/11/2025";"Solicita ao Executivo providenciar à manutenção da calçada da EMEB “Áurea Montezzo Beismann”.";"https://charqueada.siscam.com.br/Vereadores/Proposituras/211"
"PAULO ROGÉRIO FATTORE";"";"221/2025";"07/11/2025";"Solicita ao Executivo estudar a implantação de bueiro para escoamento de água na esquina das Ruas Antonio Bacin e Sebastião Padilha, no bairro de Paraisolândia.";"https://charqueada.siscam.com.br/Vereadores/Proposituras/211"
"PAULO ROGÉRIO FATTORE";"";"208/2025";"10/10/2025";"Solicita ao Executivo providencie, junto ao setor competente, a instalação de um parque infantil no bairro dos Garcia.";"https://charqueada.siscam.com.br/Vereadores/Proposituras/211"
"PAULO ROGÉRIO FATTORE";"";"199/2025";"01/10/2025";"Solicita ao Executivo providenciar a implantação de bancos no entorno de todos os parques infantis recém instalados no Município.";"https://charqueada.siscam.com.br/Vereadores/Proposituras/211"
"PAULO ROGÉRIO FATTORE";"";"198/2025";"01/10/2025";"Solicita ao Executivo providenciar, junto aos parques infantis recém instalados nos bairros, placas indicando a idade limite para uso dos brinquedos.";"https://charqueada.siscam.com.br/Vereadores/Proposituras/211"
"PAULO ROGÉRIO FATTORE";"";"196/2025";"19/09/2025";"Solicita ao Executivo providenciar a colocação de um novo campo de vôlei de areia em área maior, já existente, no Parque do Lago dos Biris, bem como providenciar a implantação de iluminação no local.";"https://charqueada.siscam.com.br/Vereadores/Proposituras/211"
"PAULO ROGÉRIO FATTORE";"";"195/2025";"19/09/2025";"Solicita ao Executivo providenciar a colocação de um bebedouro de água na Praça da Capela do bairro de Paraisolândia.";"https://charqueada.siscam.com.br/Vereadores/Proposituras/211"
"PAULO ROGÉRIO FATTORE";"";"192/2025";"10/09/2025";"Solicita ao Executivo de estudar a implantação de um guard-rail ao lado de residência situada na esquina das ruas Silvio Zanoni com São João, no centro da cidade.";"https://charqueada.siscam.com.br/Vereadores/Proposituras/211"
"PAULO ROGÉRIO FATTORE";"";"191/2025";"10/09/2025";"Solicita ao Executivo providenciar a colocação de uma tela de arame para aumentar a altura da grade que divide o campo de vôlei de areia com a piscina municipal, no Parque do Lago dos Biris.";"https://charqueada.siscam.com.br/Vereadores/Proposituras/211"
"PAULO ROGÉRIO FATTORE";"";"185/2025";"01/09/2025";"Solicita ao Executivo providenciar melhorias na iluminação da área de lazer situada na entrada da cidade, imediações do posto Zotelle, bem como a implantação de faixas elevadas na Rua Antonio Abbas Cassab e atrás do ginásio “Antonio de Paula”.";"https://charqueada.siscam.com.br/Vereadores/Proposituras/211"
"PAULO ROGÉRIO FATTORE";"";"180/2025";"25/08/2025";"Solicita ao Executivo providenciar a pavimentação do trecho que se estende desde o final da Avenida das Américas até a cabeceira da ponte de acesso à Usina Granelli e, caso a mesma não possa ser pavimentada, que se coloque fresado de asfalto no local.";"https://charqueada.siscam.com.br/Vereadores/Proposituras/211"
"PAULO ROGÉRIO FATTORE";"";"179/2025";"20/08/2025";"Solicita ao Executivo providenciar a implantação de placas de denominação na Rua Antonio Hermann.";"https://charqueada.siscam.com.br/Vereadores/Proposituras/211"
"PAULO ROGÉRIO FATTORE";"";"178/2025";"20/08/2025";"Solicita ao Executivo providenciar o asfaltamento da rotatória de acesso à estrada da Usina Granelli, no bairro de Paraisolândia.";"https://charqueada.siscam.com.br/Vereadores/Proposituras/211"
"PAULO ROGÉRIO FATTORE";"";"173/2025";"07/08/2025";"Solicita ao Executivo providenciar a repintura das faixas de sinalização de solo da Via Joaquim Enéas Zarur Bacin no bairro de Paraisolândia, bem como a implantação de dispositivos reflexivos ao longo da via.";"https://charqueada.siscam.com.br/Vereadores/Proposituras/211"
"PAULO ROGÉRIO FATTORE";"";"172/2025";"07/08/2025";"Solicita ao Executivo providenciar a implantação de um ponto de ônibus às margens da SP-308, logo adiante ao km 191, na entrada da propriedade da família Giacomelli.";"https://charqueada.siscam.com.br/Vereadores/Proposituras/211"
"PAULO ROGÉRIO FATTORE";"";"161/2025";"29/07/2025";"Solicita ao Executivo implantar mais uma rampa de acesso para cadeirantes na praça do bairro de Paraisolândia, nas imediações do ponto de ônibus.";"https://charqueada.siscam.com.br/Vereadores/Proposituras/211"
"PAULO ROGÉRIO FATTORE";"";"153/2025";"17/07/2025";"Solicita ao Executivo providenciar a aplicação de fresado de asfalto na estrada que dá acesso à Usina Granelli.";"https://charqueada.siscam.com.br/Vereadores/Proposituras/211"
"PAULO ROGÉRIO FATTORE";"";"142/2025";"11/06/2025";"Solicita ao Executivo estudar a implantação de uma pista de caminhada no bairro de Paraisolândia.";"https://charqueada.siscam.com.br/Vereadores/Proposituras/211"
"PAULO ROGÉRIO FATTORE";"";"136/2025";"30/05/2025";"Solicita ao Executivo providenciar com urgência o reforço no patrulhamento da Guarda Municipal e da Polícia Militar, mesmo durante o dia, nos bairros de Santa Luzia, Jardim Santa Rita, Recreio e Paraisolândia, além de iniciar estudos visando a reativação da base da Guarda Municipal no bairro do Recreio.";"https://charqueada.siscam.com.br/Vereadores/Proposituras/211"
"PAULO ROGÉRIO FATTORE";"";"131/2025";"20/05/2025";"Solicita ao Executivo providenciar a implantação de um playground em área defronte ao campo de futebol do bairro de Paraisolândia.";"https://charqueada.siscam.com.br/Vereadores/Proposituras/211"
"PAULO ROGÉRIO FATTORE";"";"113/2025";"29/04/2025";"Solicita ao Executivo providenciar à recuperação do pavimento da rotatória que dá acesso a empresa Kerakoll, às margens da SP-308";"https://charqueada.siscam.com.br/Vereadores/Proposituras/211"
"PAULO ROGÉRIO FATTORE";"";"112/2025";"29/04/2025";"Solicita ao Executivo providenciar à manutenção de canaleta de escoamento de água situada na esquina da Avenida Ítalo Lorandi com a Rua Nossa Senhora do Rosário.";"https://charqueada.siscam.com.br/Vereadores/Proposituras/211"
"PAULO ROGÉRIO FATTORE";"";"90/2025";"31/03/2025";"Solicita ao Executivo providenciar a instalação de um bebedouro elétrico refrigerado no espaço entre os vestiários dos jogadores e a sala da arbitragem do Estádio Municipal “Lázaro Trevisan”.";"https://charqueada.siscam.com.br/Vereadores/Proposituras/211"
"PAULO ROGÉRIO FATTORE";"";"86/2025";"27/03/2025";"Solicita ao Executivo providenciar a instalação de câmeras de monitoramento e reforço na iluminação na parte frontal e nos fundos do Posto de Saúde, junto ao prédio do NAPE, nos prédios das escolas e nas imediações do campo de futebol do bairro de Paraisolândia.";"https://charqueada.siscam.com.br/Vereadores/Proposituras/211"
"PAULO ROGÉRIO FATTORE";"";"74/2025";"19/03/2025";"Solicita ao Executivo providenciar a instalação de dois refletores em postes situados ao lado de cada uma das salas de velório do Cemitério Municipal.";"https://charqueada.siscam.com.br/Vereadores/Proposituras/211"
"PAULO ROGÉRIO FATTORE";"";"73/2025";"19/03/2025";"Solicita ao Executivo estudar a possibilidade de se implantar treinos de futebol, vôlei e outras atividades esportivas aos sábados para os moradores do bairro de Paraisolândia.";"https://charqueada.siscam.com.br/Vereadores/Proposituras/211"
"PAULO ROGÉRIO FATTORE";"";"62/2025";"07/03/2025";"Solicita ao Executivo providenciar a instalação de equipamentos de ar condicionado na sala de remédios, na sala de vacinas e na sala de curativos do posto de saúde do bairro de Paraisolândia.";"https://charqueada.siscam.com.br/Vereadores/Proposituras/211"
"PAULO ROGÉRIO FATTORE";"";"49/2025";"27/02/2025";"Solicita ao Executivo providenciar, junto ao setor competente, a execução de serviço de tapa buracos nas ruas do bairro Parque das Nações.";"https://charqueada.siscam.com.br/Vereadores/Proposituras/211"
"PAULO ROGÉRIO FATTORE";"";"38/2025";"18/02/2025";"Solicita ao Executivo providenciar, junto ao setor responsável, à manutenção da estrada que dá acesso ao sítio Deliberali, bem como à estrada que dá acesso à propriedade da família D´Abronzo.";"https://charqueada.siscam.com.br/Vereadores/Proposituras/211"
"PAULO ROGÉRIO FATTORE";"";"37/2025";"18/02/2025";"Solicita ao Executivo providenciar com urgência a recuperação geral do campo de areia do Jardim Alvorada.";"https://charqueada.siscam.com.br/Vereadores/Proposituras/211"
"PAULO ROGÉRIO FATTORE";"";"23/2025";"07/02/2025";"Solicita ao Executivo providenciar a execução de serviço de tapa buracos na Rua Luiz Callovi, no bairro São Benedito.";"https://charqueada.siscam.com.br/Vereadores/Proposituras/211"
"PAULO ROGÉRIO FATTORE";"";"19/2025";"06/02/2025";"Solicita ao Executivo providenciar, junto ao setor competente, a implantação de placas de limite de velocidade e de indicação de curvas na Vicinal Joaquim Enéas Zarur Bacin, acesso ao bairro de Paraisolândia.";"https://charqueada.siscam.com.br/Vereadores/Proposituras/211"
"PAULO ROGÉRIO FATTORE";"";"17/2025";"06/02/2025";"Solicita ao Executivo providenciar a implantação de iluminação na academia ao ar livre do bairro de Paraisolândia.";"https://charqueada.siscam.com.br/Vereadores/Proposituras/211"
"PAULO ROGÉRIO FATTORE";"";"15/2025";"06/02/2025";"Solicita ao Executivo providenciar a substituição de galeria de águas pluviais existente na Rua São Francisco, no bairro de Paraisolândia.";"https://charqueada.siscam.com.br/Vereadores/Proposituras/211"
"PAULO ROGÉRIO FATTORE";"";"91/2025";"30/01/2025";"Solicita ao Executivo providenciar a instalação de uma academia ao ar livre e um parque infantil no bairro Portal do Itaqueri.";"https://charqueada.siscam.com.br/Vereadores/Proposituras/211"
"PAULO ROGÉRIO FATTORE";"";"8/2025";"09/01/2025";"Solicita ao Executivo intensificar as ações do serviço de tapa buracos nas ruas do bairro de Paraisolândia, bem como promover ao recape geral das ruas do Jardim São Sebastião (bairro dos Faganello).";"https://charqueada.siscam.com.br/Vereadores/Proposituras/211"
"PAULO ROGÉRIO FATTORE";"";"6/2025";"09/01/2025";"Solicita ao Executivo estudar a implantação de uma rampa de acesso para cadeirantes na entrada principal do posto de saúde do bairro de Paraisolândia.";"https://charqueada.siscam.com.br/Vereadores/Proposituras/211"
"PAULO ROGÉRIO FATTORE";"";"4/2025";"09/01/2025";"Solicita ao Executivo providenciar a poda de galhos de árvore nas praças do bairro de Paraisolândia.";"https://charqueada.siscam.com.br/Vereadores/Proposituras/211"
"PAULO ROGÉRIO FATTORE";"";"2/2025";"09/01/2025";"Solicita ao Executivo providenciar a aplicação de fresado de asfalto no trecho de terra da Rua Valentim Sanches, no bairro de Paraisolândia, bem como solicitar às usinas que molhem regularmente o referido trecho.";"https://charqueada.siscam.com.br/Vereadores/Proposituras/211"
"PAULO ROGÉRIO FATTORE";"";"10/2026";"06/07/2026";"De aplausos à equipe sub-15 de vôlei feminino de Charqueada, campeã dos Mini Jogos Regionais da Serra do Itaqueri 2026";"https://charqueada.siscam.com.br/Vereadores/Proposituras/211"
"PAULO ROGÉRIO FATTORE";"";"3/2025";"30/10/2025";"Aprova as contas da Prefeitura Municipal de Charqueada, referentes ao exercício financeiro de 2023, conforme especifica";"https://charqueada.siscam.com.br/Vereadores/Proposituras/211"
"PAULO ROGÉRIO FATTORE";"";"9/2025";"05/03/2025";"Fixa os valores dos subsídios do Prefeito, Vice-Prefeito e dos Secretários Municipais, na forma prevista pelo art. 29, inciso V, da Constituição Federal de 1988, e dá outras providências";"https://charqueada.siscam.com.br/Vereadores/Proposituras/211"
"PAULO ROGÉRIO FATTORE";"";"5/2025";"21/02/2025";"Institui o programa de estágio remunerado no âmbito da Câmara Municipal de Charqueada, e dá outras providências";"https://charqueada.siscam.com.br/Vereadores/Proposituras/211"
"PAULO ROGÉRIO FATTORE";"";"13/2026";"08/05/2026";"Estabelece o Regime Jurídico, dispõe sobre a reorganização administrativa do quadro de pessoal, consolida as leis que regem os servidores da Câmara Municipal de Charqueada/SP, e dá outras providências.";"https://charqueada.siscam.com.br/Vereadores/Proposituras/211"
"PAULO ROGÉRIO FATTORE";"";"5/2026";"30/01/2026";"Dispõe sobre criação de cargo em comissão no quadro pessoal de servidores do Poder Legislativo Municipal definidos pela Lei Complementar n° 142, de 15 de fevereiro de 1013, altera seu Anexo III, e dá outras providências";"https://charqueada.siscam.com.br/Vereadores/Proposituras/211"
"PAULO ROGÉRIO FATTORE";"";"4/2026";"28/01/2026";"Dispõe sobre autorização de pagamento retroativo de diferenças de quinquênio e sexta-parte aos servidores públicos efetivos do Poder Legislativo, nos termos da Lei Complementar nº 226/2026, e dá outras providências";"https://charqueada.siscam.com.br/Vereadores/Proposituras/211"
"PAULO ROGÉRIO FATTORE";"";"2/2026";"13/01/2026";"Concede revisão geral aos servidores do Poder Legislativo de Charqueada, alterando o Anexo III da Lei Complementar nº 142, de 15 de fevereiro de 2013, reajusta respectiva remuneração mediante ganho real, e dá outras providências.";"https://charqueada.siscam.com.br/Vereadores/Proposituras/211"
"PAULO ROGÉRIO FATTORE";"";"10/2025";"06/03/2025";"Concede revisão geral aos servidores do Poder Legislativo de Charqueada, alterando o Anexo III da Lei Complementar nº 142, de 15 de fevereiro de 2013, reajusta respectiva remuneração mediante ganho real, e dá outras providências.";"https://charqueada.siscam.com.br/Vereadores/Proposituras/211"
"PAULO ROGÉRIO FATTORE";"";"1/2025";"30/01/2025";"Dispõe sobre criação de cargo em comissão no quadro pessoal de servidores do Poder Legislativo Municipal definidos pela Lei Complementar n° 132, de 25 de abril de 2012, e dá outras providências";"https://charqueada.siscam.com.br/Vereadores/Proposituras/211"
"PAULO ROGÉRIO FATTORE";"";"2/2025";"07/07/2025";"Altera e acrescenta dispositivos ao Regimento Interno da Câmara Municipal de Charqueada/SP, Resolução nº 02, de 22 de dezembro de 2020, e dá outras providências";"https://charqueada.siscam.com.br/Vereadores/Proposituras/211"
"PAULO ROGÉRIO FATTORE";"";"1/2025";"05/03/2025";"Fixa os valores dos subsídios dos Vereadores e do Presidente da Câmara Municipal de Charqueada/SP, na forma prevista pelo art. 29, inciso VI, da Constituição Federal de 1988, e dá outras providências";"https://charqueada.siscam.com.br/Vereadores/Proposituras/211"
"PAULO ROGÉRIO FATTORE";"";"37/2026";"24/08/2026";"De informações ao Senhor Chefe do Executivo solicitando um estudo para o aumento da oferta de transporte público municipal especialmente nos horários de pico";"https://charqueada.siscam.com.br/Vereadores/Proposituras/211"
"ROBSON OBROWNICK";"Emenda a Projeto de Lei";"1 ao Projeto de Lei Nº 28/2026";"20/08/2026";"Emenda ao Projeto de Lei Nº 28/2026 - Institui o ‘Programa Municipal Remédio em Casa’, que regulamenta a entrega domiciliar de medicamentos da Farmácia Municipal aos usuários do SUS com dificuldade de locomoção";"https://charqueada.siscam.com.br/Vereadores/Proposituras/164"
"ROBSON OBROWNICK";"";"83/2026";"01/06/2026";"Solicita ao Executivo estudar a possibilidade de se concretar o campo de areia do NAPE do bairro Jardim Solar, transformando-o numa quadra esportiva.";"https://charqueada.siscam.com.br/Vereadores/Proposituras/164"
"ROBSON OBROWNICK";"";"210/2025";"10/10/2025";"Solicita ao Executivo providenciar a implantação de brinquedos novos no parque infantil do bairro Jardim Solar.";"https://charqueada.siscam.com.br/Vereadores/Proposituras/164"
"ROBSON OBROWNICK";"";"209/2025";"10/10/2025";"Solicita ao Executivo providenciar a implantação de um parque infantil na Rua João da Silva Bueno, atrás do cemitério municipal, ou ainda, se possível, em seu pátio.";"https://charqueada.siscam.com.br/Vereadores/Proposituras/164"
"ROBSON OBROWNICK";"";"51/2025";"27/02/2025";"Solicita ao Executivo estudar a possibilidade de se implantar sanitários na areninha esportiva situada na Avenida Barão do Rio Branco.";"https://charqueada.siscam.com.br/Vereadores/Proposituras/164"
"ROBSON OBROWNICK";"";"50/2025";"27/02/2025";"Solicita ao Executivo providenciar a manutenção da calçada fronteiriça à EMEB “Antonio Furlan”.";"https://charqueada.siscam.com.br/Vereadores/Proposituras/164"
"ROBSON OBROWNICK";"";"15/2026";"30/07/2026";"De pesar pelo falecimento do Senhor Noel Antonio Paulon";"https://charqueada.siscam.com.br/Vereadores/Proposituras/164"
"ROBSON OBROWNICK";"";"1/2025";"05/03/2025";"Fixa os valores dos subsídios dos Vereadores e do Presidente da Câmara Municipal de Charqueada/SP, na forma prevista pelo art. 29, inciso VI, da Constituição Federal de 1988, e dá outras providências";"https://charqueada.siscam.com.br/Vereadores/Proposituras/164"
"RODRIGO APARECIDO MURILLO";"Emenda a Projeto de Lei";"1 ao Projeto de Lei Nº 28/2026";"20/08/2026";"Emenda ao Projeto de Lei Nº 28/2026 - Institui o ‘Programa Municipal Remédio em Casa’, que regulamenta a entrega domiciliar de medicamentos da Farmácia Municipal aos usuários do SUS com dificuldade de locomoção";"https://charqueada.siscam.com.br/Vereadores/Proposituras/225"
"RODRIGO APARECIDO MURILLO";"";"110/2026";"28/07/2026";"Solicita ao Executivo providenciar a execução de serviço de recape na Rua Horácio Pacano, no Jardim Residencial Sancinetti.";"https://charqueada.siscam.com.br/Vereadores/Proposituras/225"
"RODRIGO APARECIDO MURILLO";"";"109/2026";"27/07/2026";"Solicita ao Executivo providenciar a instalação de um bebedouro no Parque Infantil do bairro Portal do Itaqueri.";"https://charqueada.siscam.com.br/Vereadores/Proposituras/225"
"RODRIGO APARECIDO MURILLO";"";"108/2026";"27/07/2026";"Solicita ao Executivo providenciar a limpeza geral e a manutenção de duas bocas de lobo situadas no final da Rua José Pedro da Silva, no bairro GSP Life.";"https://charqueada.siscam.com.br/Vereadores/Proposituras/225"
"RODRIGO APARECIDO MURILLO";"";"89/2026";"09/06/2026";"Solicita ao Executivo providenciar a execução de serviço de tapa buracos nas ruas José Pedro Claudino e Silvio Perinotti, no bairro Jardim Silvana.";"https://charqueada.siscam.com.br/Vereadores/Proposituras/225"
"RODRIGO APARECIDO MURILLO";"";"82/2026";"29/05/2026";"Solicita ao Executivo providenciar a execução de serviço de tapa buracos nas Ruas Osvaldo Franco Barbosa, Cacilda Franco de Arruda Guelli, José Pedro da Silva e Pastor Nestor Paulo dos Santos, no bairro GSP Life.";"https://charqueada.siscam.com.br/Vereadores/Proposituras/225"
"RODRIGO APARECIDO MURILLO";"";"81/2026";"29/05/2026";"Solicita ao Executivo providenciar a implantação de um redutor de velocidade na Rua Pastor Moysés de Castro, no bairro GSP Life.";"https://charqueada.siscam.com.br/Vereadores/Proposituras/225"
"RODRIGO APARECIDO MURILLO";"";"76/2026";"19/05/2026";"Solicita ao Executivo providenciar a manutenção geral, bem como uma melhoria na iluminação da Praça João Batista Aragão.";"https://charqueada.siscam.com.br/Vereadores/Proposituras/225"
"RODRIGO APARECIDO MURILLO";"";"75/2026";"19/05/2026";"Solicita ao Executivo proceder a estudos visando a implantação de um redutor de velocidade na Rua Fernando Tibúrcio Ribeiro, no Jardim Alvorada I.";"https://charqueada.siscam.com.br/Vereadores/Proposituras/225"
"RODRIGO APARECIDO MURILLO";"";"69/2026";"29/04/2026";"Solicita ao Executivo providenciar a colocação de telas anti-pombos no ginásio de esportes da Escola “Áurea Montezzo Beismann”.";"https://charqueada.siscam.com.br/Vereadores/Proposituras/225"
"RODRIGO APARECIDO MURILLO";"";"68/2026";"29/04/2026";"Solicita ao Executivo providenciar a implantação de um campo de areia com iluminação para a prática de futebol e vôlei, no bairro Portal do Itaqueri.";"https://charqueada.siscam.com.br/Vereadores/Proposituras/225"
"RODRIGO APARECIDO MURILLO";"";"56/2026";"09/04/2026";"Solicita ao Executivo providenciar a execução de serviço de recape da Via Jose Navaretti.";"https://charqueada.siscam.com.br/Vereadores/Proposituras/225"
"RODRIGO APARECIDO MURILLO";"";"53/2026";"09/04/2026";"Solicita ao Executivo providenciar a instalação de câmeras de monitoramento no parque do Jardim do Bosque.";"https://charqueada.siscam.com.br/Vereadores/Proposituras/225"
"RODRIGO APARECIDO MURILLO";"";"51/2026";"07/04/2026";"Solicita ao Executivo estudar a implantação de um ponto de ônibus na Rua Joana Furlan, no bairro São Benedito.";"https://charqueada.siscam.com.br/Vereadores/Proposituras/225"
"RODRIGO APARECIDO MURILLO";"";"43/2026";"19/03/2026";"Solicita ao Executivo estudar a implantação de uma pista de caminhada com iluminação e um parquinho infantil em área verde situada no bairro Portal do Itaqueri";"https://charqueada.siscam.com.br/Vereadores/Proposituras/225"
"RODRIGO APARECIDO MURILLO";"";"34/2026";"05/03/2026";"Solicita ao Executivo proceder a estudos visando a implantação de dois redutores de velocidade, um no cruzamento da Rua Belo Horizonte com a Rua São João e outra no cruzamento da Rua São João com a Rua Belo Horizonte.";"https://charqueada.siscam.com.br/Vereadores/Proposituras/225"
"RODRIGO APARECIDO MURILLO";"";"30/2026";"27/02/2026";"Solicita ao Executivo providenciar a implantação de uma faixa elevada defronte à EMEB “José Pedro Mariotti”, na Avenida Carlos Gomes.";"https://charqueada.siscam.com.br/Vereadores/Proposituras/225"
"RODRIGO APARECIDO MURILLO";"";"19/2026";"06/02/2026";"Solicita ao Executivo providenciar a implantação de vaga de embarque e desembarque defronte ao posto de fisioterapia e vaga de estacionamento de ônibus defronte à sede do CAPEC, ambos na Rua Mário Pedrolli, no Jardim Marussig.";"https://charqueada.siscam.com.br/Vereadores/Proposituras/225"
"RODRIGO APARECIDO MURILLO";"";"18/2026";"06/02/2026";"Solicita ao Executivo estudar a possibilidade de se recapear o trecho asfaltado da Estrada dos Bortolotti.";"https://charqueada.siscam.com.br/Vereadores/Proposituras/225"
"RODRIGO APARECIDO MURILLO";"";"230/2025";"18/11/2025";"Solicita ao Executivo providenciar à manutenção do alambrado e da calçada do antigo postinho do Jardim do Bosque.";"https://charqueada.siscam.com.br/Vereadores/Proposituras/225"
"RODRIGO APARECIDO MURILLO";"";"211/2025";"16/10/2025";"Solicita ao Executivo providenciar a implantação de sistema de iluminação no parque infantil do Jardim Alvorada.";"https://charqueada.siscam.com.br/Vereadores/Proposituras/225"
"RODRIGO APARECIDO MURILLO";"";"204/2025";"01/10/2025";"Solicita ao Executivo providenciar a implantação de calçadas em todo trecho da Avenida Ayrton Senna.";"https://charqueada.siscam.com.br/Vereadores/Proposituras/225"
"RODRIGO APARECIDO MURILLO";"";"192/2025";"10/09/2025";"Solicita ao Executivo de estudar a implantação de um guard-rail ao lado de residência situada na esquina das ruas Silvio Zanoni com São João, no centro da cidade.";"https://charqueada.siscam.com.br/Vereadores/Proposituras/225"
"RODRIGO APARECIDO MURILLO";"";"166/2025";"30/07/2025";"Solicita ao Executivo providenciar a manutenção do calçamento da praça central do bairro de Paraisolândia.";"https://charqueada.siscam.com.br/Vereadores/Proposituras/225"
"RODRIGO APARECIDO MURILLO";"";"148/2025";"08/07/2025";"Solicita ao Executivo estudar a instalação de câmeras de monitoramento nas escolas municipais.";"https://charqueada.siscam.com.br/Vereadores/Proposituras/225"
"RODRIGO APARECIDO MURILLO";"";"147/2025";"07/07/2025";"Solicita ao Executivo providenciar a implantação de um quiosque com sanitários no trecho gramado da Praça Caetano Parisi.";"https://charqueada.siscam.com.br/Vereadores/Proposituras/225"
"RODRIGO APARECIDO MURILLO";"";"141/2025";"11/06/2025";"Solicita ao Executivo estudar a implantação de um parque infantil no Jardim Alvorada II.";"https://charqueada.siscam.com.br/Vereadores/Proposituras/225"
"RODRIGO APARECIDO MURILLO";"";"140/2025";"11/06/2025";"Solicita ao Executivo estudar a implantação de uma pista de caminhada em área verde situada no bairro Portal do Itaqueri.";"https://charqueada.siscam.com.br/Vereadores/Proposituras/225"
"RODRIGO APARECIDO MURILLO";"";"100/2025";"10/04/2025";"Solicita ao Executivo proceder a estudos visando a implantação de dois redutores de velocidade, um no cruzamento da Rua Belo Horizonte com a Rua São João e outra no cruzamento da Rua São João com a Rua Belo Horizonte.";"https://charqueada.siscam.com.br/Vereadores/Proposituras/225"
"RODRIGO APARECIDO MURILLO";"";"80/2025";"19/03/2025";"Solicita ao Executivo providenciar a instalação de lâmpadas mais potentes em cinco postes de luz situados na Rua Luiz Azzini.";"https://charqueada.siscam.com.br/Vereadores/Proposituras/225"
"RODRIGO APARECIDO MURILLO";"";"60/2025";"06/03/2025";"Solicita ao Executivo implantar, na altura do número 192, da Rua João Schmidt, no Jardim Gelsomina, a interligação de boca de lobo existente no local.";"https://charqueada.siscam.com.br/Vereadores/Proposituras/225"
"RODRIGO APARECIDO MURILLO";"";"59/2025";"06/03/2025";"Solicita ao Executivo estudar, junto à Comissão de Trânsito, a possibilidade de se estender a faixa amarela que proíbe o estacionamento de caminhões e ônibus defronte à Câmara Municipal, até o final do trecho que faz frente ao Ginásio de Esportes.";"https://charqueada.siscam.com.br/Vereadores/Proposituras/225"
"RODRIGO APARECIDO MURILLO";"";"58/2025";"28/02/2025";"Solicita ao Executivo providenciar ao estudo para a implantação de um jardim com bancos no espaço situado entre a Avenida do Contorno e a Rua Laurival Parisi, no Jardim Solar.";"https://charqueada.siscam.com.br/Vereadores/Proposituras/225"
"RODRIGO APARECIDO MURILLO";"";"57/2025";"28/02/2025";"Solicita ao Executivo providenciar um estudo visando, ou a implantação de um redutor de velocidade defronte ao Centro Cultural, ou a implantação de via de mão única na Rua Arlindo Meneghini.";"https://charqueada.siscam.com.br/Vereadores/Proposituras/225"
"RODRIGO APARECIDO MURILLO";"";"56/2025";"28/02/2025";"Solicita ao Executivo providenciar a implantação de um redutor de velocidade na Rua Pastor Moysés de Castro, no bairro GSP Life.";"https://charqueada.siscam.com.br/Vereadores/Proposituras/225"
"RODRIGO APARECIDO MURILLO";"";"55/2025";"28/02/2025";"Solicita ao Executivo providenciar, junto ao setor competente, a implantação de um redutor de velocidade na Avenida Ítalo Lorandi, imediações do Ginásio Municipal.";"https://charqueada.siscam.com.br/Vereadores/Proposituras/225"
"RODRIGO APARECIDO MURILLO";"";"40/2025";"18/02/2025";"Solicita ao Executivo providenciar, junto ao setor de trânsito, a demarcação de uma vaga de estacionamento para idosos na Rua São João com a Avenida Brasil, defronte ao prédio da Assistência Social.";"https://charqueada.siscam.com.br/Vereadores/Proposituras/225"
"RODRIGO APARECIDO MURILLO";"";"28/2025";"18/02/2025";"Solicita ao Executivo estudar a execução de serviços de pintura de faixas e sinalização, além de implantação de dispositivos reflexivos na Avenida do Contorno.";"https://charqueada.siscam.com.br/Vereadores/Proposituras/225"
"RODRIGO APARECIDO MURILLO";"";"27/2025";"18/02/2025";"Solicita ao Executivo estudar a possibilidade de se recapear o trecho asfaltado da Estrada dos Bortolotti.";"https://charqueada.siscam.com.br/Vereadores/Proposituras/225"
"RODRIGO APARECIDO MURILLO";"";"26/2025";"18/02/2025";"Solicita ao Executivo proceder a implantação de pontos de ônibus no bairro dos Garcia (sentido Piracicaba/Charqueada) e na Rua Nossa Senhora do Rosário (bicicletaria).";"https://charqueada.siscam.com.br/Vereadores/Proposituras/225"
"RODRIGO APARECIDO MURILLO";"";"25/2025";"18/02/2025";"Solicita ao Executivo de estudar a implantação de uma faixa elevada de pedestres na Rua Gabriel Lucas, imediações do CAPS.";"https://charqueada.siscam.com.br/Vereadores/Proposituras/225"
"RODRIGO APARECIDO MURILLO";"";"23/2025";"07/02/2025";"Solicita ao Executivo providenciar a execução de serviço de tapa buracos na Rua Luiz Callovi, no bairro São Benedito.";"https://charqueada.siscam.com.br/Vereadores/Proposituras/225"
"RODRIGO APARECIDO MURILLO";"";"13/2026";"20/07/2026";"De pesar pelo falecimento do Professor Luis Roberto Rizzi Marraccini";"https://charqueada.siscam.com.br/Vereadores/Proposituras/225"
"RODRIGO APARECIDO MURILLO";"";"8/2026";"15/06/2026";"De aplausos à Guarda Civil Municipal de Charqueada pelo êxito em ocorrência de salvamento de bebê asfixiado";"https://charqueada.siscam.com.br/Vereadores/Proposituras/225"
"RODRIGO APARECIDO MURILLO";"";"6/2026";"29/04/2026";"De aplausos à Guarda Civil Municipal de Charqueada pelo êxito em atendimento de ocorrência de salvamento de uma criança";"https://charqueada.siscam.com.br/Vereadores/Proposituras/225"
"RODRIGO APARECIDO MURILLO";"";"7/2026";"27/02/2026";"Denomina de ""Gilberto Edson Verdi Favarin"", rua sem denominação no bairro Jardim Samambaia nesta urbe";"https://charqueada.siscam.com.br/Vereadores/Proposituras/225"
"RODRIGO APARECIDO MURILLO";"";"31/2025";"11/08/2025";"Estabelece vedações no bairro “Loteamento Residencial Cidade Jardim”, e dá outras providências";"https://charqueada.siscam.com.br/Vereadores/Proposituras/225"
"RODRIGO APARECIDO MURILLO";"";"1/2025";"05/03/2025";"Fixa os valores dos subsídios dos Vereadores e do Presidente da Câmara Municipal de Charqueada/SP, na forma prevista pelo art. 29, inciso VI, da Constituição Federal de 1988, e dá outras providências";"https://charqueada.siscam.com.br/Vereadores/Proposituras/225"
"ROMERO ROCCA DOS SANTOS";"";"115/2026";"06/08/2026";"Solicita ao Executivo providenciar a manutenção dos brinquedos e da estrutura de piso do parque infantil da praça do Jardim Solar.";"https://charqueada.siscam.com.br/Vereadores/Proposituras/166"
"ROMERO ROCCA DOS SANTOS";"";"114/2026";"06/08/2026";"Solicita ao Executivo estudar a possibilidade de se utilizar o semáforo que está atualmente desativado na Avenida Barão do Rio Branco no cruzamento da Rua São João com a Avenida Brasil, no centro da cidade.";"https://charqueada.siscam.com.br/Vereadores/Proposituras/166"
"ROMERO ROCCA DOS SANTOS";"";"112/2026";"03/08/2026";"Solicita ao Executivo providenciar a presença efetiva da Guarda Civil Municipal no Parque do Lago dos Biris, bem como a implantação no local de câmeras de monitoramento.";"https://charqueada.siscam.com.br/Vereadores/Proposituras/166"
"ROMERO ROCCA DOS SANTOS";"";"105/2026";"27/07/2026";"Solicita ao Executivo providenciar a instalação de uma estrutura para lavar as mãos no recinto do festival gastronômico.";"https://charqueada.siscam.com.br/Vereadores/Proposituras/166"
"ROMERO ROCCA DOS SANTOS";"";"175/2025";"07/08/2025";"Solicita ao Executivo providenciar a implantação de câmeras de monitoramento junto à ponte do Ribeirão Fregadoli.";"https://charqueada.siscam.com.br/Vereadores/Proposituras/166"
"ROMERO ROCCA DOS SANTOS";"";"174/2025";"07/08/2025";"Solicita ao Executivo providenciar, junto ao setor responsável, a implantação de dois braços de luz na esquina da Rua Jorge Di Bene com a Rua Sylvio Callegaro.";"https://charqueada.siscam.com.br/Vereadores/Proposituras/166"
"ROMERO ROCCA DOS SANTOS";"";"162/2025";"29/07/2025";"Solicita ao Executivo providenciar à revisão dos vencimentos dos servidores braçais da Prefeitura que atuam no cemitério municipal exercendo a função de coveiros.";"https://charqueada.siscam.com.br/Vereadores/Proposituras/166"
"ROMERO ROCCA DOS SANTOS";"";"156/2025";"21/07/2025";"Solicita ao Executivo estudar a possibilidade de se utilizar o semáforo que está atualmente desativado na Avenida Barão do Rio Branco no cruzamento da Rua São João com a Avenida Brasil, no centro da cidade.";"https://charqueada.siscam.com.br/Vereadores/Proposituras/166"
"ROMERO ROCCA DOS SANTOS";"";"151/2025";"11/07/2025";"Solicita ao Executivo providenciar a reconstrução do deck de madeira da serra, que está totalmente inutilizado, bem como instalar no local um sistema de iluminação fotovoltaica.";"https://charqueada.siscam.com.br/Vereadores/Proposituras/166"
"ROMERO ROCCA DOS SANTOS";"";"137/2025";"30/05/2025";"Solicita ao Executivo providenciar à manutenção do gramado sintético da areninha esportiva, no centro da cidade, bem como instalar no local um bebedouro refrigerado.";"https://charqueada.siscam.com.br/Vereadores/Proposituras/166"
"ROMERO ROCCA DOS SANTOS";"";"132/2025";"23/05/2025";"Solicita ao Executivo providenciar a implantação de uma faixa elevada na Rua Benedito Hélio Roccia, no bairro Jardim Solar, defronte ao ponto de ônibus escolar.";"https://charqueada.siscam.com.br/Vereadores/Proposituras/166"
"ROMERO ROCCA DOS SANTOS";"";"108/2025";"16/04/2025";"Solicita ao Executivo destinar parte dos recursos pretendidos no Projeto de Lei Nº 12/25, que visa a aquisição de câmeras de segurança, a equipamentos a serem instalados no Jardim do Bosque e no ecoponto da Água Branca.";"https://charqueada.siscam.com.br/Vereadores/Proposituras/166"
"ROMERO ROCCA DOS SANTOS";"";"107/2025";"16/04/2025";"Solicita ao Executivo providenciar um incremento na iluminação pública do bairro Jardim do Bosque, bem como promover a uma completa revitalização do local.";"https://charqueada.siscam.com.br/Vereadores/Proposituras/166"
"ROMERO ROCCA DOS SANTOS";"";"103/2025";"14/04/2025";"Solicita ao Executivo providenciar junto à CPFL a troca de lâmpada queimada em poste situado defronte ao número 324 da Rua Hermínio Mariotti, no Jardim do Bosque.";"https://charqueada.siscam.com.br/Vereadores/Proposituras/166"
"ROMERO ROCCA DOS SANTOS";"";"75/2025";"19/03/2025";"Solicita ao Executivo providenciar a instalação de câmeras de monitoramento em toda a extensão do parque do Lago dos Biris.";"https://charqueada.siscam.com.br/Vereadores/Proposituras/166"
"ROMERO ROCCA DOS SANTOS";"";"66/2025";"11/03/2025";"Solicita ao Executivo providenciar a troca do sistema de iluminação do Estádio Municipal “Lázaro Trevisan”, bem como proceder à instalação de ventiladores nos vestiários e de cobertura nas arquibancadas.";"https://charqueada.siscam.com.br/Vereadores/Proposituras/166"
"ROMERO ROCCA DOS SANTOS";"";"54/2025";"27/02/2025";"Solicita ao Executivo providenciar a implantação de uma faixa elevada e da sinalização de área escolar defronte a EMEB “José Pedro Mariotti”.";"https://charqueada.siscam.com.br/Vereadores/Proposituras/166"
"ROMERO ROCCA DOS SANTOS";"";"52/2025";"27/02/2025";"Solicita ao Executivo providenciar ao asfaltamento do trecho situado defronte a empresa Koppert, na Avenida do Contorno.";"https://charqueada.siscam.com.br/Vereadores/Proposituras/166"
"ROMERO ROCCA DOS SANTOS";"";"41/2025";"18/02/2025";"Solicita ao Executivo providenciar, junto à CPFL, a troca de lâmpadas em postes situados defronte à pizzaria na Rua 1º de Maio.";"https://charqueada.siscam.com.br/Vereadores/Proposituras/166"
"ROMERO ROCCA DOS SANTOS";"";"40/2025";"18/02/2025";"Solicita ao Executivo providenciar, junto ao setor de trânsito, a demarcação de uma vaga de estacionamento para idosos na Rua São João com a Avenida Brasil, defronte ao prédio da Assistência Social.";"https://charqueada.siscam.com.br/Vereadores/Proposituras/166"
"ROMERO ROCCA DOS SANTOS";"";"39/2025";"18/02/2025";"Solicita ao Executivo providenciar, junto ao setor competente, serviço de manutenção em buraco situado defronte ao número 47 da Rua 1º de Maio, no centro da cidade.";"https://charqueada.siscam.com.br/Vereadores/Proposituras/166"
"ROMERO ROCCA DOS SANTOS";"";"15/2026";"30/07/2026";"De pesar pelo falecimento do Senhor Noel Antonio Paulon";"https://charqueada.siscam.com.br/Vereadores/Proposituras/166"
"ROMERO ROCCA DOS SANTOS";"";"13/2026";"20/07/2026";"De pesar pelo falecimento do Professor Luis Roberto Rizzi Marraccini";"https://charqueada.siscam.com.br/Vereadores/Proposituras/166"
"ROMERO ROCCA DOS SANTOS";"";"9/2026";"15/06/2026";"De pesar pelo falecimento da Senhora Adriana Helena Capelaço Toniolo";"https://charqueada.siscam.com.br/Vereadores/Proposituras/166"
"ROMERO ROCCA DOS SANTOS";"";"3/2026";"06/02/2026";"De pesar pelo falecimento do Senhor Irineu Agostini";"https://charqueada.siscam.com.br/Vereadores/Proposituras/166"
"ROMERO ROCCA DOS SANTOS";"";"1/2026";"27/01/2026";"De pesar pelo falecimento da Senhora Ana Maria da Costa Horschutz";"https://charqueada.siscam.com.br/Vereadores/Proposituras/166"
"ROMERO ROCCA DOS SANTOS";"";"16/2025";"21/07/2025";"De apoio à manifestação conjunta dos Juízes Eleitorais, Chefes de Cartório e Assistentes das Zonas Eleitorais do Estado de São Paulo, e ao pleito do Sindicato dos Trabalhadores do Judiciário Federal no Estado de São Paulo — SINTRAJUD, que reivindicam a suspensão do retorno dos servidores públicos requisitados à Justiça Eleitoral";"https://charqueada.siscam.com.br/Vereadores/Proposituras/166"
"ROMERO ROCCA DOS SANTOS";"";"15/2025";"08/07/2025";"De aplausos à equipe do banco SICOOB de Charqueada pelo êxito na arrecadação da Campanha do Agasalho";"https://charqueada.siscam.com.br/Vereadores/Proposituras/166"
"ROMERO ROCCA DOS SANTOS";"";"12/2025";"23/06/2025";"De pesar pelo falecimento da Senhora Ivanice Franco Barbosa Basso";"https://charqueada.siscam.com.br/Vereadores/Proposituras/166"
"ROMERO ROCCA DOS SANTOS";"";"11/2025";"16/06/2025";"De pesar pelo falecimento da Senhora Karina Estevam Alves";"https://charqueada.siscam.com.br/Vereadores/Proposituras/166"
"ROMERO ROCCA DOS SANTOS";"";"3/2025";"10/02/2025";"De pesar pelo falecimento do Senhor João Ferreira";"https://charqueada.siscam.com.br/Vereadores/Proposituras/166"
"ROMERO ROCCA DOS SANTOS";"";"2/2025";"07/02/2025";"De aplausos ao Prefeito de Piracicaba Hélio Donizete Zanatta por sua trajetória na política regional";"https://charqueada.siscam.com.br/Vereadores/Proposituras/166"
"ROMERO ROCCA DOS SANTOS";"";"1/2025";"20/05/2025";"Outorga o título de “Cidadão Charqueadense” ao Sr. Anderson Valdir Ortiz.";"https://charqueada.siscam.com.br/Vereadores/Proposituras/166"
"ROMERO ROCCA DOS SANTOS";"";"1/2026";"15/07/2026";"Acrescenta o artigo 125-A à Lei Orgânica do Município de Charqueada/SP, instituindo o orçamento impositivo na forma que especifica, e dá outras providências";"https://charqueada.siscam.com.br/Vereadores/Proposituras/166"
"ROMERO ROCCA DOS SANTOS";"";"12/2026";"30/04/2026";"Dispõe sobre a obrigatoriedade de exame oftalmológico para todos os alunos da rede municipal de ensino do município de Charqueada, a partir da pré-escola, e dá outras providências.";"https://charqueada.siscam.com.br/Vereadores/Proposituras/166"
"ROMERO ROCCA DOS SANTOS";"";"23/2025";"12/06/2025";"Institui no Município de Charqueada o Programa Farmácia Solidária para a conscientização, doação, reaproveitamento e distribuição de medicamentos para a população e a sua destinação final adequada";"https://charqueada.siscam.com.br/Vereadores/Proposituras/166"
"ROMERO ROCCA DOS SANTOS";"";"33/2026";"06/08/2026";"De informações ao Senhor Chefe do Executivo sobre detalhes referentes às obras do portal do Lago dos Biris";"https://charqueada.siscam.com.br/Vereadores/Proposituras/166"
"ROMERO ROCCA DOS SANTOS";"";"30/2026";"16/07/2026";"De informações sobre a modernização do sistema de agendamento de consultas na rede municipal de Saúde";"https://charqueada.siscam.com.br/Vereadores/Proposituras/166"
"ROMERO ROCCA DOS SANTOS";"";"15/2026";"08/05/2026";"De informações ao Senhor Chefe do Executivo acerca de valores gastos com aluguéis de tendas";"https://charqueada.siscam.com.br/Vereadores/Proposituras/166"
"ROMERO ROCCA DOS SANTOS";"";"14/2026";"13/04/2026";"De informações ao Senhor Chefe do Executivo acerca dos critérios utilizados para a majoração da taxa de coleta de lixo e iluminação pública";"https://charqueada.siscam.com.br/Vereadores/Proposituras/166"
"ROMERO ROCCA DOS SANTOS";"";"9/2026";"20/03/2026";"De informações ao Senhor Chefe do Executivo acerca de julgamento irregular do Tribunal de Contas do Estado de São Paulo em projeto de obra pública";"https://charqueada.siscam.com.br/Vereadores/Proposituras/166"
"ROMERO ROCCA DOS SANTOS";"";"8/2026";"20/03/2026";"De informações ao Senhor Chefe do Executivo acerca da base de cálculo utilizada para majoração do IPTU no Município de Charqueada";"https://charqueada.siscam.com.br/Vereadores/Proposituras/166"
"ROMERO ROCCA DOS SANTOS";"";"54/2025";"19/09/2025";"De informações ao Senhor Chefe do Executivo acerca da inscrição do Município de Charqueada no programa habitacional do Governo Federal";"https://charqueada.siscam.com.br/Vereadores/Proposituras/166"
"ROMERO ROCCA DOS SANTOS";"";"44/2025";"11/08/2025";"De informações ao Senhor Chefe do Executivo acerca da possibilidade de se instituir um aluguel social para as famílias em situação de vulnerabilidade social em virtude de ordem judicial para reintegração de posse";"https://charqueada.siscam.com.br/Vereadores/Proposituras/166"
"ROMERO ROCCA DOS SANTOS";"";"11/2025";"07/03/2025";"De informações ao Senhor Chefe do Executivo sobre como e onde serão investidos recursos do FUNDEB";"https://charqueada.siscam.com.br/Vereadores/Proposituras/166"
"ROMERO ROCCA DOS SANTOS";"";"5/2025";"27/02/2025";"De informações ao Senhor Chefe do Executivo acerca dos gastos com a obra de revitalização do Estádio Municipal “Lázaro Trevisan”";"https://charqueada.siscam.com.br/Vereadores/Proposituras/166"
"ROMERO ROCCA DOS SANTOS";"";"4/2025";"24/02/2025";"Solicita ao Executivo cópia de contrato de aluguel de barracão celebrado entre o Município e o Clube de Campo de Charqueada";"https://charqueada.siscam.com.br/Vereadores/Proposituras/166"
"ROMERO ROCCA DOS SANTOS";"";"1 ao Projeto de Emenda à Lei Orgânica Nº 1/2026";"18/08/2026";"Substitutivo ao Projeto de Emenda à Lei Orgânica Nº 1/2026 - Acrescenta o artigo 125-A à Lei Orgânica do Município de Charqueada/SP, instituindo o orçamento impositivo na forma que especifica, e dá outras providências";"https://charqueada.siscam.com.br/Vereadores/Proposituras/166"
"THEREZINHA ANGÉLICA MANDRO TIETZ";"";"128/2026";"17/08/2026";"Solicita ao Executivo providenciar a execução de serviços de reparo e tapa-buraco no trecho localizado entre a Rua Jorge Di Bene e a Rua Carlos Roncato, no Bairro Jardim Vista Alegre.";"https://charqueada.siscam.com.br/Vereadores/Proposituras/224"
"THEREZINHA ANGÉLICA MANDRO TIETZ";"";"126/2026";"17/08/2026";"Solicita ao Executivo estudar a implantação de um redutor de velocidade na altura do número 141 da Rua Nossa Senhora do Rosário.";"https://charqueada.siscam.com.br/Vereadores/Proposituras/224"
"THEREZINHA ANGÉLICA MANDRO TIETZ";"";"125/2026";"17/08/2026";"Solicita ao Executivo providenciar, com urgência, a execução de serviços de zeladoria, limpeza de vegetação e instalação de barreiras de proteção (guard-rail) na ponte sobre o Rio Água Branca, localizada na Estrada da Água Branca.";"https://charqueada.siscam.com.br/Vereadores/Proposituras/224"
"THEREZINHA ANGÉLICA MANDRO TIETZ";"";"120/2026";"10/08/2026";"Solicita ao Executivo realizar, através do setor competente, reparos no acostamento da Avenida Ayrton Senna, visando garantir a segurança viária na localidade.";"https://charqueada.siscam.com.br/Vereadores/Proposituras/224"
"THEREZINHA ANGÉLICA MANDRO TIETZ";"";"87/2026";"02/06/2026";"Solicita ao Executivo providenciar, a execução imediata de serviços de poda de árvore na Rua João José Bortoli, defronte ao número 830, localizado no Loteamento Portal do Itaqueri no Bairro Córrego da Onça.";"https://charqueada.siscam.com.br/Vereadores/Proposituras/224"
"THEREZINHA ANGÉLICA MANDRO TIETZ";"";"86/2026";"02/06/2026";"Solicita ao Executivo providenciar, junto à Secretaria competente a execução imediata de obras para a captação de águas pluviais nas ruas Ana Maria Bombasaro Davanzo, Otávio Nadaline e Luiz Davanzo, localizadas no Loteamento Portal do Itaqueri, no Bairro Córrego da Onça.";"https://charqueada.siscam.com.br/Vereadores/Proposituras/224"
"THEREZINHA ANGÉLICA MANDRO TIETZ";"";"49/2026";"24/03/2026";"Solicita ao Executivo solicitar ao setor de marketing, uma maior atenção à forma de se elaborar a comunicação visual institucional do Município.";"https://charqueada.siscam.com.br/Vereadores/Proposituras/224"
"THEREZINHA ANGÉLICA MANDRO TIETZ";"";"48/2026";"24/03/2026";"Solicita ao Executivo providenciar o tratamento da água dos lagos do parque do Jardim do Bosque.";"https://charqueada.siscam.com.br/Vereadores/Proposituras/224"
"THEREZINHA ANGÉLICA MANDRO TIETZ";"";"216/2025";"30/10/2025";"Solicita ao Executivo estudar a criação de uma semana literária no Município de Charqueada, nos moldes do realizado recentemente em Piracicaba com a Flipira, e a presença de autores diversos.";"https://charqueada.siscam.com.br/Vereadores/Proposituras/224"
"THEREZINHA ANGÉLICA MANDRO TIETZ";"";"207/2025";"08/10/2025";"Solicita ao Executivo providenciar a execução de serviços de pintura, revisão de equipamentos de ar condicionado, reparos estruturais e atualização dos equipamentos de informática e serviço de internet no prédio do Conselho Tutelar.";"https://charqueada.siscam.com.br/Vereadores/Proposituras/224"
"THEREZINHA ANGÉLICA MANDRO TIETZ";"";"158/2025";"21/07/2025";"Solicita ao Executivo providenciar o reforço do patrulhamento preventivo da Guarda Municipal com especial atenção ao bairro Portal do Itaqueri, diante do aumento das ocorrências de furtos e roubos naquela localidade.";"https://charqueada.siscam.com.br/Vereadores/Proposituras/224"
"THEREZINHA ANGÉLICA MANDRO TIETZ";"";"157/2025";"21/07/2025";"Solicita ao Executivo considerar a adoção do uso de drone para a Guarda Civil Municipal para apoio às operações de patrulhamento preventivo.";"https://charqueada.siscam.com.br/Vereadores/Proposituras/224"
"THEREZINHA ANGÉLICA MANDRO TIETZ";"";"144/2025";"16/06/2025";"Solicita ao Executivo viabilizar, por meio da Secretaria de Saúde, a implantação de um programa de acompanhamento quinzenal com nutricionista e psicólogo para pacientes diagnosticados com diabetes mellitus, no âmbito da rede pública de saúde de Charqueada.";"https://charqueada.siscam.com.br/Vereadores/Proposituras/224"
"THEREZINHA ANGÉLICA MANDRO TIETZ";"";"120/2025";"05/05/2025";"Solicita ao Executivo providenciar a recuperação urgente da área externa do prédio da Prefeitura Municipal, bem como dos sanitários públicos da Praça Antonio D´Alprat.";"https://charqueada.siscam.com.br/Vereadores/Proposituras/224"
"THEREZINHA ANGÉLICA MANDRO TIETZ";"";"111/2025";"29/04/2025";"Solicita ao Executivo proceder um estudo visando a sincronização de tempo dos semáforos situados no cruzamento da Rua 18 de agosto com 1º de maio e Rua 18 de agosto com Rua do Rosário.";"https://charqueada.siscam.com.br/Vereadores/Proposituras/224"
"THEREZINHA ANGÉLICA MANDRO TIETZ";"";"105/2025";"15/04/2025";"Solicita ao Executivo estudar a implantação de uma base da Guarda Civil Municipal no bairro de Santa Luzia.";"https://charqueada.siscam.com.br/Vereadores/Proposituras/224"
"THEREZINHA ANGÉLICA MANDRO TIETZ";"";"104/2025";"15/04/2025";"Solicita ao Executivo estudar, junto ao setor competente, a possibilidade se recuar as faixas de parada de carros e pedestres no cruzamento das ruas São João com Silvio Zanoni, bem como sincronizar os semáforos do referido cruzamento, aumentando o tempo de espera em ambos para 30 segundos.";"https://charqueada.siscam.com.br/Vereadores/Proposituras/224"
"THEREZINHA ANGÉLICA MANDRO TIETZ";"";"102/2025";"14/04/2025";"Solicita ao Executivo estudar a aquisição de uma base móvel de monitoramento eletrônico.";"https://charqueada.siscam.com.br/Vereadores/Proposituras/224"
"THEREZINHA ANGÉLICA MANDRO TIETZ";"";"99/2025";"10/04/2025";"Solicita ao Executivo providenciar a colocação de material asfáltico na Via João Bombasaro, bem como estudar a possibilidade de se implantar um redutor de velocidade no local.";"https://charqueada.siscam.com.br/Vereadores/Proposituras/224"
"THEREZINHA ANGÉLICA MANDRO TIETZ";"";"65/2025";"10/03/2025";"Solicita ao Executivo estudar a implantação da calçada na Avenida Carlos Gomes no trecho compreendido desde a EMEB “José Pedro Mariotti” até o Cemitério Municipal.";"https://charqueada.siscam.com.br/Vereadores/Proposituras/224"
"THEREZINHA ANGÉLICA MANDRO TIETZ";"";"53/2025";"27/02/2025";"Solicita ao Executivo providenciar com urgência o serviço de limpeza do espaço e manutenção das estruturas integrantes da Rota do Turismo de Charqueada.";"https://charqueada.siscam.com.br/Vereadores/Proposituras/224"
"THEREZINHA ANGÉLICA MANDRO TIETZ";"";"21/2025";"06/02/2025";"Solicita ao Executivo providenciar junto ao setor responsável um trabalho de manutenção geral no Cemitério Municipal.";"https://charqueada.siscam.com.br/Vereadores/Proposituras/224"
"THEREZINHA ANGÉLICA MANDRO TIETZ";"";"20/2025";"06/02/2025";"Solicita ao Executivo providenciar a execução de serviço de recapeamento da Rua Cristiano Diehl, no bairro de Santa Luzia.";"https://charqueada.siscam.com.br/Vereadores/Proposituras/224"
"THEREZINHA ANGÉLICA MANDRO TIETZ";"";"13/2025";"03/02/2025";"Solicita ao Executivo providenciar com urgência o serviço de limpeza e sinalização, bem como estudar a implantação de guard-rail na ponte situada na estrada vicinal da Água Branca.";"https://charqueada.siscam.com.br/Vereadores/Proposituras/224"
"THEREZINHA ANGÉLICA MANDRO TIETZ";"";"10/2025";"13/01/2025";"Solicita ao Executivo providenciar, com urgência, o serviço de limpeza da praça do bairro Córrego da Onça.";"https://charqueada.siscam.com.br/Vereadores/Proposituras/224"
"THEREZINHA ANGÉLICA MANDRO TIETZ";"";"7/2025";"09/01/2025";"Solicita ao Executivo providenciar serviço de limpeza e roçada de mato do parque infantil do loteamento Jardim Santa Rita.";"https://charqueada.siscam.com.br/Vereadores/Proposituras/224"
"THEREZINHA ANGÉLICA MANDRO TIETZ";"";"13/2026";"20/07/2026";"De pesar pelo falecimento do Professor Luis Roberto Rizzi Marraccini";"https://charqueada.siscam.com.br/Vereadores/Proposituras/224"
"THEREZINHA ANGÉLICA MANDRO TIETZ";"";"7/2026";"04/05/2026";"De pesar pelo falecimento do Senhor Antonio Roncato";"https://charqueada.siscam.com.br/Vereadores/Proposituras/224"
"THEREZINHA ANGÉLICA MANDRO TIETZ";"";"1/2026";"15/07/2026";"Acrescenta o artigo 125-A à Lei Orgânica do Município de Charqueada/SP, instituindo o orçamento impositivo na forma que especifica, e dá outras providências";"https://charqueada.siscam.com.br/Vereadores/Proposituras/224"
"THEREZINHA ANGÉLICA MANDRO TIETZ";"";"30/2026";"17/08/2026";"Dispõe sobre a prioridade das mulheres vítimas de violência doméstica no acesso às vagas de cursos profissionalizantes ofertados pela Prefeitura Municipal de Charqueada";"https://charqueada.siscam.com.br/Vereadores/Proposituras/224"
"THEREZINHA ANGÉLICA MANDRO TIETZ";"";"1/2026";"30/01/2026";"Institui a Procuradoria da Mulher no âmbito da Câmara Municipal de Charqueada e dá outras providências";"https://charqueada.siscam.com.br/Vereadores/Proposituras/224"
"THEREZINHA ANGÉLICA MANDRO TIETZ";"";"4/2025";"20/10/2025";"Institui a Procuradoria da Mulher no âmbito da Câmara Municipal de Charqueada e dá outras providências";"https://charqueada.siscam.com.br/Vereadores/Proposituras/224"
"THEREZINHA ANGÉLICA MANDRO TIETZ";"";"35/2026";"17/08/2026";"Solicita informações e cópia de laudo técnico referente às condições estruturais do Ginásio de Esportes “Antonio de Paula”";"https://charqueada.siscam.com.br/Vereadores/Proposituras/224"
"THEREZINHA ANGÉLICA MANDRO TIETZ";"";"34/2026";"10/08/2026";"De informações ao Senhor Chefe do Executivo sobre os serviços prestados pelo consórcio CISMETRO";"https://charqueada.siscam.com.br/Vereadores/Proposituras/224"
"THEREZINHA ANGÉLICA MANDRO TIETZ";"";"31/2026";"20/07/2026";"De informações ao Senhor Chefe do Executivo acerca de existência de contrato entre a Prefeitura Municipal e a empresa Governança Brasil S/A";"https://charqueada.siscam.com.br/Vereadores/Proposituras/224"
"THEREZINHA ANGÉLICA MANDRO TIETZ";"";"26/2026";"06/07/2026";"De informações ao Senhor Chefe do Executivo acerca de providências sobre o aumento de desentendimentos e brigas entre as crianças na EMEB “Antonio Furlan”";"https://charqueada.siscam.com.br/Vereadores/Proposituras/224"
"THEREZINHA ANGÉLICA MANDRO TIETZ";"";"25/2026";"06/07/2026";"De informações ao Senhor Chefe do Executivo acerca do atraso na entrega de kits de uniformes escolares para a Rede Municipal de Ensino";"https://charqueada.siscam.com.br/Vereadores/Proposituras/224"
"THEREZINHA ANGÉLICA MANDRO TIETZ";"";"24/2026";"22/06/2026";"De informações ao Senhor Chefe do Executivo sobre fiscalização e autuações de veículos durante a realização do Desfile de Cavaleiros";"https://charqueada.siscam.com.br/Vereadores/Proposituras/224"
"THEREZINHA ANGÉLICA MANDRO TIETZ";"";"23/2026";"18/06/2026";"De informações ao Senhor Chefe do Executivo acerca da situação de veículo para transporte de pessoas com deficiência (PCD).";"https://charqueada.siscam.com.br/Vereadores/Proposituras/224"
"THEREZINHA ANGÉLICA MANDRO TIETZ";"";"19/2026";"28/05/2026";"Requer informações ao Excelentíssimo Senhor Prefeito Municipal referentes ao Plano Municipal de Assistência Social (PMAS) inserido no sistema estadual, conforme Resolução nº 05/2026 do CMAS";"https://charqueada.siscam.com.br/Vereadores/Proposituras/224"
"THEREZINHA ANGÉLICA MANDRO TIETZ";"";"17/2026";"12/05/2026";"De informações ao Senhor Chefe do Executivo sobre a participação do Município de Charqueada/SP na Estratégia Alimenta Cidades.";"https://charqueada.siscam.com.br/Vereadores/Proposituras/224"
"THEREZINHA ANGÉLICA MANDRO TIETZ";"";"13/2026";"09/04/2026";"De informações ao Senhor Chefe do Executivo acerca da obra de execução de ciclovia e canteiro central no município de Charqueada/SP";"https://charqueada.siscam.com.br/Vereadores/Proposituras/224"
"THEREZINHA ANGÉLICA MANDRO TIETZ";"";"11/2026";"07/04/2026";"De informações ao Senhor Chefe do Executivo acerca do transporte de alunos para municípios vizinhos";"https://charqueada.siscam.com.br/Vereadores/Proposituras/224"
"THEREZINHA ANGÉLICA MANDRO TIETZ";"";"60/2025";"16/10/2025";"De informações ao Senhor Chefe do Executivo acerca da realização de análise e estudos de trânsito para a execução de obra na Avenida Ítalo Lorandi";"https://charqueada.siscam.com.br/Vereadores/Proposituras/224"
"THEREZINHA ANGÉLICA MANDRO TIETZ";"";"47/2025";"20/08/2025";"De informações ao Senhor Chefe do Executivo acerca dos veículos de passageiros de uso de cada secretaria e de seu gabinete, que compõe a frota de propriedade do Município";"https://charqueada.siscam.com.br/Vereadores/Proposituras/224"
"THEREZINHA ANGÉLICA MANDRO TIETZ";"";"42/2025";"21/07/2025";"De informações ao Senhor Chefe do Executivo acerca da adoção de medidas para a melhoria das condições de segurança da ponte sobre o rio Água Branca, com instalação de proteção lateral, limpeza do mato e sinalização adequada.";"https://charqueada.siscam.com.br/Vereadores/Proposituras/224"
"THEREZINHA ANGÉLICA MANDRO TIETZ";"";"39/2025";"07/07/2025";"De informações ao Senhor Chefe do Executivo acerca dos laudos estabelecidos nas normas regulamentadoras do Ministério do Trabalho e Emprego";"https://charqueada.siscam.com.br/Vereadores/Proposituras/224"
"THEREZINHA ANGÉLICA MANDRO TIETZ";"";"25/2025";"08/05/2025";"De informações ao Senhor Chefe do Executivo sobre a obra de reforma do Lago dos Biris";"https://charqueada.siscam.com.br/Vereadores/Proposituras/224"
"THEREZINHA ANGÉLICA MANDRO TIETZ";"";"24/2025";"05/05/2025";"(De informações ao Senhor Chefe do Executivo solicitando prestação de contas do Fundo Social de Solidariedade de Charqueada";"https://charqueada.siscam.com.br/Vereadores/Proposituras/224"
"THEREZINHA ANGÉLICA MANDRO TIETZ";"";"23/2025";"30/04/2025";"De informações ao Senhor Chefe do Executivo solicitando complemento à resposta apresentada ao Requerimento Nº 06/25 sobre o Programa “Cidadão Protagonista”";"https://charqueada.siscam.com.br/Vereadores/Proposituras/224"
"THEREZINHA ANGÉLICA MANDRO TIETZ";"";"21/2025";"11/04/2025";"De informações ao Senhor Chefe do Executivo acerca dos custos dispendidos para a obra de revitalização da concha acústica";"https://charqueada.siscam.com.br/Vereadores/Proposituras/224"
"THEREZINHA ANGÉLICA MANDRO TIETZ";"";"20/2025";"10/04/2025";"De informações ao Senhor Chefe do Executivo acerca de valores pegos mensalmente pelo Município de Charqueada a empresa responsável pelo transporte escolar terceirizado";"https://charqueada.siscam.com.br/Vereadores/Proposituras/224"
"THEREZINHA ANGÉLICA MANDRO TIETZ";"";"19/2025";"10/04/2025";"De informações ao Senhor Chefe do Executivo acerca de custos do projeto da nova Unidade de Saúde a ser implantada no prédio da antiga rodoviária municipal";"https://charqueada.siscam.com.br/Vereadores/Proposituras/224"
"THEREZINHA ANGÉLICA MANDRO TIETZ";"";"14/2025";"19/03/2025";"De informações ao Senhor Chefe do Executivo acerca de despesas com combustíveis da Prefeitura em cada um de seus departamentos";"https://charqueada.siscam.com.br/Vereadores/Proposituras/224"
"THEREZINHA ANGÉLICA MANDRO TIETZ";"";"12/2025";"10/03/2025";"De informações ao Senhor Chefe do Executivo acerca do local onde será implantado o novo terminal rodoviário do Município";"https://charqueada.siscam.com.br/Vereadores/Proposituras/224"
"THEREZINHA ANGÉLICA MANDRO TIETZ";"";"10/2025";"07/03/2025";"De informações ao Senhor Chefe do Executivo acerca de licitação para compra de produtos alimentícios";"https://charqueada.siscam.com.br/Vereadores/Proposituras/224"
"THEREZINHA ANGÉLICA MANDRO TIETZ";"";"7/2025";"27/02/2025";"De informações ao Senhor Chefe do Executivo acerca do cancelamento dos cursos da ETEC no Município de Charqueada";"https://charqueada.siscam.com.br/Vereadores/Proposituras/224"
"THEREZINHA ANGÉLICA MANDRO TIETZ";"";"6/2025";"27/02/2025";"De informações ao Senhor Chefe do Executivo acerca do Programa “Cidadão Protagonista”";"https://charqueada.siscam.com.br/Vereadores/Proposituras/224"
"THEREZINHA ANGÉLICA MANDRO TIETZ";"";"1 ao Projeto de Emenda à Lei Orgânica Nº 1/2026";"18/08/2026";"Substitutivo ao Projeto de Emenda à Lei Orgânica Nº 1/2026 - Acrescenta o artigo 125-A à Lei Orgânica do Município de Charqueada/SP, instituindo o orçamento impositivo na forma que especifica, e dá outras providências";"https://charqueada.siscam.com.br/Vereadores/Proposituras/224"
"THEREZINHA ANGÉLICA MANDRO TIETZ";"";"1 ao Projeto de Resolução Nº 1/2026";"11/02/2026";"Substitutivo ao Projeto de Resolução Nº 1/2026 - Institui a Procuradoria da Mulher no âmbito da Câmara Municipal de Charqueada e dá outras providências";"https://charqueada.siscam.com.br/Vereadores/Proposituras/224"
"VINÍCIUS HÉLIO ROCCIA";"Emenda a PLC";"2 ao Projeto de Lei Complementar Nº 3/2026";"25/05/2026";"Emenda ao Projeto de Lei Complementar Nº 3/2026 - Dispõe sobre autorização de pagamento retroativo de diferenças de quinquênio e sexta-parte aos servidores públicos do Município de Charqueada, nos termos da Lei Complementar Federal nº 226/2026).";"https://charqueada.siscam.com.br/Vereadores/Proposituras/167"
"VINÍCIUS HÉLIO ROCCIA";"";"40/2026";"19/03/2026";"Solicita ao Executivo estudar a implantação de uma estrutura para ponto de ônibus na Rua Pastor Moisés de Castro, no loteamento residencial GSP Life.";"https://charqueada.siscam.com.br/Vereadores/Proposituras/167"
"VINÍCIUS HÉLIO ROCCIA";"";"39/2026";"19/03/2026";"Solicita ao Executivo providenciar a execução de serviço de reforma e revitalização geral do Posto de Saúde “Sagrado Coração de Jesus”, no bairro de Santa Luzia.";"https://charqueada.siscam.com.br/Vereadores/Proposituras/167"
"VINÍCIUS HÉLIO ROCCIA";"";"35/2026";"10/03/2026";"Solicita ao Executivo providenciar à manutenção geral do ponto de ônibus na entrada do bairro Santa Luzia.";"https://charqueada.siscam.com.br/Vereadores/Proposituras/167"
"VINÍCIUS HÉLIO ROCCIA";"";"29/2026";"25/02/2026";"Solicita ao Executivo estudar o reajuste dos vencimentos dos estagiários que atuam junto à Prefeitura Municipal.";"https://charqueada.siscam.com.br/Vereadores/Proposituras/167"
"VINÍCIUS HÉLIO ROCCIA";"";"24/2026";"11/02/2026";"Solicita ao Executivo proceder ao aumento da estrutura do ponto de ônibus situado defronte ao Clube de Campo.";"https://charqueada.siscam.com.br/Vereadores/Proposituras/167"
"VINÍCIUS HÉLIO ROCCIA";"";"22/2026";"10/02/2026";"Solicita ao Executivo providenciar a instalação de ventiladores nas salas de fisioterapia do Posto de Saúde Central.";"https://charqueada.siscam.com.br/Vereadores/Proposituras/167"
"VINÍCIUS HÉLIO ROCCIA";"";"17/2026";"06/02/2026";"Solicita ao Executivo providenciar a inscrição do Município de Charqueada no Programa “Pró-DH”, do Governo Federal, vinculado ao Ministério dos Direitos Humanos e da Cidadania, visando o recebimento de kits de equipagem destinados ao Conselho Tutelar.";"https://charqueada.siscam.com.br/Vereadores/Proposituras/167"
"VINÍCIUS HÉLIO ROCCIA";"";"8/2026";"23/01/2026";"Solicita ao Executivo estudar o repasse dos valores acumulados dos últimos anos concedidos aos servidores públicos municipais e cargos em comissão, aos participantes dos programas “Cidadão Protagonista”, “15 Dias” e estagiários municipais.";"https://charqueada.siscam.com.br/Vereadores/Proposituras/167"
"VINÍCIUS HÉLIO ROCCIA";"";"3/2026";"12/01/2026";"Solicita ao Executivo providenciar a implantação de mais bancos de concreto no espaço do Sistema de Lazer “Natali Agostini”,";"https://charqueada.siscam.com.br/Vereadores/Proposituras/167"
"VINÍCIUS HÉLIO ROCCIA";"";"217/2025";"30/10/2025";"Solicita ao Executivo providenciar com urgência a sinalização da curva existente nas imediações da estação no bairro do Recreio, proceder a manutenção do ponto de ônibus existente no mesmo local, bem como proceder à manutenção asfáltica das ruas do bairro onde foram realizadas intervenções da Sabesp.";"https://charqueada.siscam.com.br/Vereadores/Proposituras/167"
"VINÍCIUS HÉLIO ROCCIA";"";"205/2025";"03/10/2025";"Solicita ao Executivo providenciar o calçamento com fresa de asfalto, em toda a extensão da estrada velha Charqueada/São Pedro.";"https://charqueada.siscam.com.br/Vereadores/Proposituras/167"
"VINÍCIUS HÉLIO ROCCIA";"";"176/2025";"07/08/2025";"Solicita ao Executivo providenciar o recape do pavimento da Via Joaquim Enéas Zarur Bacin, acesso ao bairro de Paraisolândia.";"https://charqueada.siscam.com.br/Vereadores/Proposituras/167"
"VINÍCIUS HÉLIO ROCCIA";"";"164/2025";"29/07/2025";"Solicita ao Executivo estudar a implantação de redutores de velocidade na Avenida Ayrton Senna, uma nas imediações da porteira do canavial e outra nas imediações da estátua do Cristo redentor.";"https://charqueada.siscam.com.br/Vereadores/Proposituras/167"
"VINÍCIUS HÉLIO ROCCIA";"";"163/2025";"29/07/2025";"Solicita ao Executivo estudar a possibilidade de se colocar bancos no entorno do Parque do Lago dos Biris.";"https://charqueada.siscam.com.br/Vereadores/Proposituras/167"
"VINÍCIUS HÉLIO ROCCIA";"";"155/2025";"17/07/2025";"Solicita ao Executivo organizar a realização de um mutirão de prótese dentária para atender à demanda reprimida do Município.";"https://charqueada.siscam.com.br/Vereadores/Proposituras/167"
"VINÍCIUS HÉLIO ROCCIA";"";"154/2025";"17/07/2025";"Solicita ao Executivo providenciar a melhoria da iluminação pública da praça da Capela Puríssimo Coração de Maria, no bairro Córrego da Onça.";"https://charqueada.siscam.com.br/Vereadores/Proposituras/167"
"VINÍCIUS HÉLIO ROCCIA";"";"149/2025";"08/07/2025";"Solicita ao Executivo providenciar a execução de serviço de manutenção do pavimento da Rua João José Bortoli, no bairro Portal do Itaqueri.";"https://charqueada.siscam.com.br/Vereadores/Proposituras/167"
"VINÍCIUS HÉLIO ROCCIA";"";"139/2025";"30/05/2025";"Solicita ao Executivo adotar as iniciativas necessárias para a adesão ao Sistema do Cadastro Nacional de Animais Domésticos (SinPatinhas) do Governo Federal.";"https://charqueada.siscam.com.br/Vereadores/Proposituras/167"
"VINÍCIUS HÉLIO ROCCIA";"";"138/2025";"30/05/2025";"Solicita ao Executivo adotar as iniciativas necessárias para a adesão ao Programa Nacional de Manejo Populacional Ético de Cães e Gatos (Pro Patinhas), do Governo Federal";"https://charqueada.siscam.com.br/Vereadores/Proposituras/167"
"VINÍCIUS HÉLIO ROCCIA";"";"165/2025";"29/05/2025";"Solicita ao Executivo providenciar a manutenção de bancos e passarelas de madeira do parque do Jardim do Bosque.";"https://charqueada.siscam.com.br/Vereadores/Proposituras/167"
"VINÍCIUS HÉLIO ROCCIA";"";"128/2025";"20/05/2025";"Solicita ao Executivo estudar a instalação de espaços de incentivo à leitura nas salas de aula do 1º ao 5º ano do Ensino Fundamental.";"https://charqueada.siscam.com.br/Vereadores/Proposituras/167"
"VINÍCIUS HÉLIO ROCCIA";"";"127/2025";"20/05/2025";"Solicita ao Executivo proceder a estudos visando a implantação, através do Plano de Ações Articuladas do Governo Federal, de projetos para a formação continuada dos professores da Rede Municipal de Ensino.";"https://charqueada.siscam.com.br/Vereadores/Proposituras/167"
"VINÍCIUS HÉLIO ROCCIA";"";"126/2025";"20/05/2025";"Solicita ao Executivo estudar a adesão ao Programa “Contrata Brasil” do Ministério da Micro e Pequena Empresa.";"https://charqueada.siscam.com.br/Vereadores/Proposituras/167"
"VINÍCIUS HÉLIO ROCCIA";"";"125/2025";"20/05/2025";"Solicita ao Executivo providenciar a retomada do programa de castração gratuita de cães e gatos no município de Charqueada.";"https://charqueada.siscam.com.br/Vereadores/Proposituras/167"
"VINÍCIUS HÉLIO ROCCIA";"";"106/2025";"15/04/2025";"Solicita ao Executivo estudar a possibilidade de fornecer café da manhã aos Servidores Públicos Municipais.";"https://charqueada.siscam.com.br/Vereadores/Proposituras/167"
"VINÍCIUS HÉLIO ROCCIA";"";"95/2025";"10/04/2025";"Solicita ao Executivo de estudar o reajuste dos valores de diárias pagos aos servidores motoristas.";"https://charqueada.siscam.com.br/Vereadores/Proposituras/167"
"VINÍCIUS HÉLIO ROCCIA";"";"94/2025";"10/04/2025";"Solicita ao Executivo estudar a possibilidade de se implantar no Município de Charqueada uma “Escola Cívico Militar”";"https://charqueada.siscam.com.br/Vereadores/Proposituras/167"
"VINÍCIUS HÉLIO ROCCIA";"";"93/2025";"10/04/2025";"Solicita ao Executivo estudar a possibilidade de se implantar uma galeria de águas pluviais na Rua Claudinei Aparecido Amaro, no bairro Vale do Itaqueri.";"https://charqueada.siscam.com.br/Vereadores/Proposituras/167"
"VINÍCIUS HÉLIO ROCCIA";"";"92/2025";"10/04/2025";"Solicita ao Executivo providenciar a liberação do uso da piscina municipal aos finais de semana e também nos horários em que não esteja sendo utilizada, bem como revitalizar a piscina infantil em anexo.";"https://charqueada.siscam.com.br/Vereadores/Proposituras/167"
"VINÍCIUS HÉLIO ROCCIA";"";"85/2025";"27/03/2025";"Solicita ao Executivo providenciar a implantação de escolinhas de futebol nos bairros de Santa Luzia, Recreio, Córrego da Onça, Jardim Alvorada e Jardim Gelsomina.";"https://charqueada.siscam.com.br/Vereadores/Proposituras/167"
"VINÍCIUS HÉLIO ROCCIA";"";"84/2025";"27/03/2025";"Solicita ao Executivo estudar a implantação de plano de carreira para os servidores públicos municipais, aí incluída a Guarda Civil Municipal.";"https://charqueada.siscam.com.br/Vereadores/Proposituras/167"
"VINÍCIUS HÉLIO ROCCIA";"";"83/2025";"27/03/2025";"Solicita ao Executivo estudar o reajuste dos valores pagos aos participantes do programa social conhecido como “15 dias”.";"https://charqueada.siscam.com.br/Vereadores/Proposituras/167"
"VINÍCIUS HÉLIO ROCCIA";"";"82/2025";"27/03/2025";"Solicita ao Executivo providenciar a implantação de um campo de vôlei de areia nos bairros Jardim Santa Rita e Jardim Solar.";"https://charqueada.siscam.com.br/Vereadores/Proposituras/167"
"VINÍCIUS HÉLIO ROCCIA";"";"79/2025";"19/03/2025";"Solicita ao Executivo estudar a instalação de um parque infantil no bairro do Recreio.";"https://charqueada.siscam.com.br/Vereadores/Proposituras/167"
"VINÍCIUS HÉLIO ROCCIA";"";"78/2025";"19/03/2025";"Solicita ao Executivo proceder à manutenção das ruas do bairro dos Garcia.";"https://charqueada.siscam.com.br/Vereadores/Proposituras/167"
"VINÍCIUS HÉLIO ROCCIA";"";"77/2025";"19/03/2025";"Solicita ao Executivo estudar a instalação de um campo com gramado sintético no bairro Jardim Bela Vista.";"https://charqueada.siscam.com.br/Vereadores/Proposituras/167"
"VINÍCIUS HÉLIO ROCCIA";"";"76/2025";"19/03/2025";"Solicita ao Executivo providenciar a instalação de equipamentos de ar condicionado no Hospital e Maternidade Beneficente de Charqueada.";"https://charqueada.siscam.com.br/Vereadores/Proposituras/167"
"VINÍCIUS HÉLIO ROCCIA";"";"61/2025";"07/03/2025";"Solicita ao Executivo estudar a aplicação do percentual de 35% concedido aos Secretários, aos Servidores Públicos Municipais.";"https://charqueada.siscam.com.br/Vereadores/Proposituras/167"
"VINÍCIUS HÉLIO ROCCIA";"";"22/2025";"07/02/2025";"Solicita ao Executivo estudar e providenciar a instalação de equipamentos de ar condicionado em todas as salas de aula da rede municipal de ensino.";"https://charqueada.siscam.com.br/Vereadores/Proposituras/167"
"VINÍCIUS HÉLIO ROCCIA";"";"14/2026";"28/07/2026";"De Apelo ao Congresso Nacional (Câmara dos Deputados e Senado Federal) para que envide esforços na célere tramitação e aprovação de Projetos de Lei que instituem o abono anual (13º salário) aos beneficiários do Benefício de Prestação Continuada (BPC/LOAS).";"https://charqueada.siscam.com.br/Vereadores/Proposituras/167"
"VINÍCIUS HÉLIO ROCCIA";"";"12/2026";"20/07/2026";"De pesar pelo falecimento da Senhora Mathilde Zanoni Vieira";"https://charqueada.siscam.com.br/Vereadores/Proposituras/167"
"VINÍCIUS HÉLIO ROCCIA";"";"5/2026";"19/03/2026";"De apelo ao Excelentíssimo Senhor Prefeito do Município de Charqueada, Rodrigo de Arruda";"https://charqueada.siscam.com.br/Vereadores/Proposituras/167"
"VINÍCIUS HÉLIO ROCCIA";"";"4/2026";"06/03/2026";"De pesar pelo falecimento do Senhor Nozor Neor Magrini";"https://charqueada.siscam.com.br/Vereadores/Proposituras/167"
"VINÍCIUS HÉLIO ROCCIA";"";"18/2025";"31/07/2025";"De aplausos ao Senhor Gilberto Kantovitz pela iniciativa da criação da Associação “Voo da Águia”.";"https://charqueada.siscam.com.br/Vereadores/Proposituras/167"
"VINÍCIUS HÉLIO ROCCIA";"";"17/2025";"21/07/2025";"De aplausos às Professoras Teresa de Lourdes Manfrinato Santos, Regina Aparecida da Silva Calegaro, Juliana Horschutz e Tatiana Regina Romero por suas trajetórias no Ensino Público Municipal";"https://charqueada.siscam.com.br/Vereadores/Proposituras/167"
"VINÍCIUS HÉLIO ROCCIA";"";"13/2025";"23/06/2025";"De aplausos ao jornal “O Regional” pelos seus 20 anos de fundação e circulação";"https://charqueada.siscam.com.br/Vereadores/Proposituras/167"
"VINÍCIUS HÉLIO ROCCIA";"";"9/2025";"20/05/2025";"De pesar pelo falecimento do Senhor Antonio Roberto Verdi";"https://charqueada.siscam.com.br/Vereadores/Proposituras/167"
"VINÍCIUS HÉLIO ROCCIA";"";"8/2025";"20/05/2025";"De apelo ao Excelentíssimo Prefeito Municipal de Charqueada, Senhor Rodrigo de Arruda";"https://charqueada.siscam.com.br/Vereadores/Proposituras/167"
"VINÍCIUS HÉLIO ROCCIA";"";"6/2025";"14/04/2025";"De aplausos ao médico cardiologista Dr. Rafael Prota por sua dedicação à saúde da população de Charqueada";"https://charqueada.siscam.com.br/Vereadores/Proposituras/167"
"VINÍCIUS HÉLIO ROCCIA";"";"4/2025";"10/04/2025";"De Apoio ao PDL 3/2025, que susta os efeitos da Resolução nº 258, de 23 de dezembro de 2024, do Conselho Nacional dos Direitos da Criança e do Adolescente, e ao PL 1904/2024, que visa impedir que o aborto seja reconhecido como direito, sem previsão de limite de tempo gestacional, durante todos os nove meses da gravidez, até o momento do parto.";"https://charqueada.siscam.com.br/Vereadores/Proposituras/167"
"VINÍCIUS HÉLIO ROCCIA";"";"1/2025";"06/02/2025";"De apelo ao Senhor Chefe do Executivo visando a obtenção de transporte escolar para os alunos que estudam no período noturno na ETEC de São Pedro";"https://charqueada.siscam.com.br/Vereadores/Proposituras/167"
"VINÍCIUS HÉLIO ROCCIA";"";"2/2025";"26/06/2025";"Outorga o título de “Cidadão Charqueadense” ao Sr. Deputado Estadual Alex de Madureira";"https://charqueada.siscam.com.br/Vereadores/Proposituras/167"
"VINÍCIUS HÉLIO ROCCIA";"";"1/2026";"15/07/2026";"Acrescenta o artigo 125-A à Lei Orgânica do Município de Charqueada/SP, instituindo o orçamento impositivo na forma que especifica, e dá outras providências";"https://charqueada.siscam.com.br/Vereadores/Proposituras/167"
"VINÍCIUS HÉLIO ROCCIA";"";"29/2026";"17/08/2026";"Dispõe sobre a divulgação da relação e da quantidade dos medicamentos disponíveis em estoque nas unidades da Rede Pública Municipal de Saúde de Charqueada e dá outras providências";"https://charqueada.siscam.com.br/Vereadores/Proposituras/167"
"VINÍCIUS HÉLIO ROCCIA";"";"28/2026";"16/07/2026";"Institui o ‘Programa Municipal Remédio em Casa’, que regulamenta a entrega domiciliar de medicamentos da Farmácia Municipal aos usuários do SUS com dificuldade de locomoção";"https://charqueada.siscam.com.br/Vereadores/Proposituras/167"
"VINÍCIUS HÉLIO ROCCIA";"";"17/2026";"12/06/2026";"Dá denominação à Avenida 01 e às Ruas 01, 02, 03, 04 e 05 do novo Distrito Industrial desta urbe";"https://charqueada.siscam.com.br/Vereadores/Proposituras/167"
"VINÍCIUS HÉLIO ROCCIA";"";"11/2026";"10/04/2026";"Institui, no âmbito do Município de Charqueada, o Programa SAMUVET – Serviço de Atendimento Móvel de Urgência Veterinária, e dá outras providências";"https://charqueada.siscam.com.br/Vereadores/Proposituras/167"
"VINÍCIUS HÉLIO ROCCIA";"";"30/2025";"07/08/2025";"Dispõe sobre a obrigação de fornecimento de aparelho “FreeStyle Libre” ou de outro aparelho similar para o monitoramento contínuo da glicemia de pacientes do Sistema Único de Saúde – SUS no âmbito do Município de Charqueada/SP";"https://charqueada.siscam.com.br/Vereadores/Proposituras/167"
"VINÍCIUS HÉLIO ROCCIA";"";"29/2025";"08/07/2025";"Institui transporte público gratuito a todos alunos matriculados em estabelecimentos de ensino especificamente em cursos de nível médio, superior ou de nível técnico profissionalizante que não funcionem regularmente no município de Charqueada.";"https://charqueada.siscam.com.br/Vereadores/Proposituras/167"
"VINÍCIUS HÉLIO ROCCIA";"";"19/2025";"20/05/2025";"Autoriza o Município de Charqueada a instalar e utilizar a extensão temporária de passeio público, denominada Parklet, e dá outras providências";"https://charqueada.siscam.com.br/Vereadores/Proposituras/167"
"VINÍCIUS HÉLIO ROCCIA";"";"24/2025";"16/05/2025";"Dispõe sobre a instalação da extensão temporária de passeio público denominada Parklet, e dá outras providências";"https://charqueada.siscam.com.br/Vereadores/Proposituras/167"
"VINÍCIUS HÉLIO ROCCIA";"";"38/2026";"27/08/2026";"Requer informações ao Poder Executivo acerca das atribuições administrativas, estrutura operacional e políticas públicas destinadas à prevenção, controle e combate a incêndios em matas, áreas verdes e demais áreas de vegetação no Município de Charqueada.";"https://charqueada.siscam.com.br/Vereadores/Proposituras/167"
"VINÍCIUS HÉLIO ROCCIA";"";"36/2026";"20/08/2026";"De informações aos Senhor Chefe do Executivo acerca da Implantação do Distrito Industrial do Município";"https://charqueada.siscam.com.br/Vereadores/Proposituras/167"
"VINÍCIUS HÉLIO ROCCIA";"";"32/2026";"06/08/2026";"De informações ao Senhor Chefe do Executivo sobre o cumprimento da Lei Complementar nº 283, de 13 de dezembro de 2023 - PIRAENGE";"https://charqueada.siscam.com.br/Vereadores/Proposituras/167"
"VINÍCIUS HÉLIO ROCCIA";"";"29/2026";"16/07/2026";"De informações acerca do encerramento das atividades da agência do Banco Bradesco no Município de Charqueada";"https://charqueada.siscam.com.br/Vereadores/Proposituras/167"
"VINÍCIUS HÉLIO ROCCIA";"";"28/2026";"13/07/2026";"De informações ao Senhor Chefe do Executivo sobre a proposta de alteração da forma de cobrança da Taxa de Manejo de Resíduos Sólidos Urbanos (Taxa de Lixo).";"https://charqueada.siscam.com.br/Vereadores/Proposituras/167"
"VINÍCIUS HÉLIO ROCCIA";"";"27/2026";"13/07/2026";"De informações ao Senhor Chefe do Executivo acerca do controle de jornada e frequência dos servidores ocupantes de cargos em comissão no Município de Charqueada/SP";"https://charqueada.siscam.com.br/Vereadores/Proposituras/167"
"VINÍCIUS HÉLIO ROCCIA";"";"22/2026";"18/06/2026";"Solicita informações ao Poder Executivo Municipal acerca da estrutura, regulamentação e execução da Escuta Especializada prevista na Lei Federal nº 13.431/2017.";"https://charqueada.siscam.com.br/Vereadores/Proposituras/167"
"VINÍCIUS HÉLIO ROCCIA";"";"21/2026";"28/05/2026";"Solicita ao Executivo o encaminhamento do processo licitatório do novo Distrito Industrial";"https://charqueada.siscam.com.br/Vereadores/Proposituras/167"
"VINÍCIUS HÉLIO ROCCIA";"";"20/2026";"28/05/2026";"De informações ao Senhor Chefe do Executivo sobre a relação de empresas que irão integrar o novo Distrito Industrial";"https://charqueada.siscam.com.br/Vereadores/Proposituras/167"
"VINÍCIUS HÉLIO ROCCIA";"";"18/2026";"19/05/2026";"De informações ao Senhor Chefe do Executivo sobre as atividades da Secretaria Municipal de Desenvolvimento Econômico";"https://charqueada.siscam.com.br/Vereadores/Proposituras/167"
"VINÍCIUS HÉLIO ROCCIA";"";"16/2026";"08/05/2026";"De informações ao Senhor Chefe do Executivo acerca da situação e encaminhamento do Projeto de Lei referente à autorização de pagamento retroativo de diferenças de quinquênio e sexta-parte aos servidores, inclusive os inativos.";"https://charqueada.siscam.com.br/Vereadores/Proposituras/167"
"VINÍCIUS HÉLIO ROCCIA";"";"12/2026";"09/04/2026";"De informações ao Senhor Chefe do Executivo acerca da situação tributária da Rede Hoteleira Municipal";"https://charqueada.siscam.com.br/Vereadores/Proposituras/167"
"VINÍCIUS HÉLIO ROCCIA";"";"7/2026";"13/03/2026";"De informações ao Senhor Chefe do Executivo acerca do efetivo cumprimento dos termos da Lei Municipal nº 1.512, de 16 de outubro de 2013, que determina a divulgação da relação de medicamentos disponibilizados pela Rede Municipal de Saúde";"https://charqueada.siscam.com.br/Vereadores/Proposituras/167"
"VINÍCIUS HÉLIO ROCCIA";"";"5/2026";"25/02/2026";"Solicita providências visando o devido cumprimento da Lei de Acesso à Informação – 12.527/11";"https://charqueada.siscam.com.br/Vereadores/Proposituras/167"
"VINÍCIUS HÉLIO ROCCIA";"";"4/2026";"23/02/2026";"De informações ao Senhor Chefe do Executivo sobre a política municipal de acompanhamento da saúde mental";"https://charqueada.siscam.com.br/Vereadores/Proposituras/167"
"VINÍCIUS HÉLIO ROCCIA";"";"3/2026";"10/02/2026";"De informações ao Senhor Chefe do Executivo sobre o número de diabéticos existentes no Município e o de aparelhos fornecidos aos mesmos";"https://charqueada.siscam.com.br/Vereadores/Proposituras/167"
"VINÍCIUS HÉLIO ROCCIA";"";"2/2026";"10/02/2026";"De informações ao Senhor Chefe do Executivo sobre existência de verbas para a aquisição de material e uniformes escolares";"https://charqueada.siscam.com.br/Vereadores/Proposituras/167"
"VINÍCIUS HÉLIO ROCCIA";"";"1/2026";"05/02/2026";"De informações ao Poder Executivo Municipal sobre o cronograma e o planejamento orçamentário para a climatização das salas de aula da Rede Municipal de Ensino, considerando os impactos das ondas de calor no aprendizado";"https://charqueada.siscam.com.br/Vereadores/Proposituras/167"
"VINÍCIUS HÉLIO ROCCIA";"";"66/2025";"18/11/2025";"De informações ao Senhor Chefe do Executivo sobre a implantação do Plano Municipal pela Primeira Infância";"https://charqueada.siscam.com.br/Vereadores/Proposituras/167"
"VINÍCIUS HÉLIO ROCCIA";"";"65/2025";"07/11/2025";"Solicita ao Executivo a divulgação periódica, no site oficial da Prefeitura e em quadro de avisos de acesso público, da relação atualizada dos prestadores de serviço contratados por meio de terceirização";"https://charqueada.siscam.com.br/Vereadores/Proposituras/167"
"VINÍCIUS HÉLIO ROCCIA";"";"64/2025";"30/10/2025";"De informações ao Senhor Chefe do Executivo acerca de abertura reiterada de Créditos Adicionais Especiais por meio de Decreto Municipal";"https://charqueada.siscam.com.br/Vereadores/Proposituras/167"
"VINÍCIUS HÉLIO ROCCIA";"";"63/2025";"30/10/2025";"De informações aos Senhor Chefe do Executivo sobre as ações e medidas corretivas adotadas pela Prefeitura Municipal de Charqueada em resposta às sucessivas Notificações de Alertas emitidas pelo Tribunal de Contas do Estado de São Paulo (TCE-SP)";"https://charqueada.siscam.com.br/Vereadores/Proposituras/167"
"VINÍCIUS HÉLIO ROCCIA";"";"62/2025";"20/10/2025";"De informações ao Senhor Chefe do Executivo sobre medidas de curto prazo, habitação e assistência social para as famílias afetadas pela decisão de reintegração de posse na Rodovia SP-308";"https://charqueada.siscam.com.br/Vereadores/Proposituras/167"
"VINÍCIUS HÉLIO ROCCIA";"";"61/2025";"20/10/2025";"De informações ao Senhor Chefe do Executivo acerca de serviços prestados por empresa do ramo odontológico ao Município de Charqueada";"https://charqueada.siscam.com.br/Vereadores/Proposituras/167"
"VINÍCIUS HÉLIO ROCCIA";"";"57/2025";"10/10/2025";"De informações ao Senhor Chefe do Executivo acerca do andamento das obras na EMEB “Erotides de Campos” , no bairro de Paraisolândia";"https://charqueada.siscam.com.br/Vereadores/Proposituras/167"
"VINÍCIUS HÉLIO ROCCIA";"";"56/2025";"02/10/2025";"De informações ao Senhor Chefe do Executivo acerca da fiscalização da venda de bebidas alcoólicas em estabelecimentos comerciais ante os recentes episódios envolvendo a contaminação com metanol";"https://charqueada.siscam.com.br/Vereadores/Proposituras/167"
"VINÍCIUS HÉLIO ROCCIA";"";"55/2025";"19/09/2025";"De informações ao Senhor Chefe do Executivo solicitando informações minuciosas e pormenorizadas sobre a execução financeira do Contrato nº 44/2025.";"https://charqueada.siscam.com.br/Vereadores/Proposituras/167"
"VINÍCIUS HÉLIO ROCCIA";"";"54/2025";"19/09/2025";"De informações ao Senhor Chefe do Executivo acerca da inscrição do Município de Charqueada no programa habitacional do Governo Federal";"https://charqueada.siscam.com.br/Vereadores/Proposituras/167"
"VINÍCIUS HÉLIO ROCCIA";"";"53/2025";"19/09/2025";"De informações ao Senhor Chefe do Executivo sobre as apurações realizadas acerca de denúncia envolvendo eventual desvio de função por parte do Comandante da Guarda Civil Municipal";"https://charqueada.siscam.com.br/Vereadores/Proposituras/167"
"VINÍCIUS HÉLIO ROCCIA";"";"52/2025";"15/09/2025";"De informações ao Senhor Chefe do Executivo acerca de abertura reiterada de Créditos Adicionais Especiais";"https://charqueada.siscam.com.br/Vereadores/Proposituras/167"
"VINÍCIUS HÉLIO ROCCIA";"";"51/2025";"08/09/2025";"De informações ao Senhor Chefe do Executivo acerca da condução de veículos oficiais por servidores e pelo próprio Chefe do Executivo";"https://charqueada.siscam.com.br/Vereadores/Proposituras/167"
"VINÍCIUS HÉLIO ROCCIA";"";"50/2025";"08/09/2025";"De informações ao Senhor Chefe do Executivo acerca da implantação de programas de educação financeira nas escolas da rede pública municipal";"https://charqueada.siscam.com.br/Vereadores/Proposituras/167"
"VINÍCIUS HÉLIO ROCCIA";"";"49/2025";"08/09/2025";"De informações ao Senhor Chefe do Executivo acerca da periodicidade com a qual é molhada a estrada velha Charqueada/São Pedro nos tempos de estiagem";"https://charqueada.siscam.com.br/Vereadores/Proposituras/167"
"VINÍCIUS HÉLIO ROCCIA";"";"48/2025";"20/08/2025";"De informações ao Senhor Chefe do Executivo acerca do não cumprimento do disposto no Art. 66, inc. XV da Lei Orgânica do Município";"https://charqueada.siscam.com.br/Vereadores/Proposituras/167"
"VINÍCIUS HÉLIO ROCCIA";"";"47/2025";"20/08/2025";"De informações ao Senhor Chefe do Executivo acerca dos veículos de passageiros de uso de cada secretaria e de seu gabinete, que compõe a frota de propriedade do Município";"https://charqueada.siscam.com.br/Vereadores/Proposituras/167"
"VINÍCIUS HÉLIO ROCCIA";"";"45/2025";"12/08/2025";"De informações ao Senhor Chefe do Executivo acerca de providências para contenção de erosão em propriedade rural";"https://charqueada.siscam.com.br/Vereadores/Proposituras/167"
"VINÍCIUS HÉLIO ROCCIA";"";"43/2025";"07/08/2025";"Solicita ao Executivo a íntegra do processo licitatório do transporte escolar municipal";"https://charqueada.siscam.com.br/Vereadores/Proposituras/167"
"VINÍCIUS HÉLIO ROCCIA";"";"41/2025";"18/07/2025";"De informações ao Senhor Chefe do Executivo acerca do não atendimento do inciso XIV do art. 66 da Lei Orgânica do Município";"https://charqueada.siscam.com.br/Vereadores/Proposituras/167"
"VINÍCIUS HÉLIO ROCCIA";"";"40/2025";"17/07/2025";"De informações ao Senhor Chefe do Executivo acerca de prazos para a recuperação integral do deck do Parque do Lago dos Biris";"https://charqueada.siscam.com.br/Vereadores/Proposituras/167"
"VINÍCIUS HÉLIO ROCCIA";"";"37/2025";"26/06/2025";"De informações ao Senhor Chefe do Executivo acerca da situação dos agentes de saúde do Município";"https://charqueada.siscam.com.br/Vereadores/Proposituras/167"
"VINÍCIUS HÉLIO ROCCIA";"";"36/2025";"26/06/2025";"Solicita ao Executivo cópia de contrato com o Hospital e Maternidade Beneficente de Charqueada";"https://charqueada.siscam.com.br/Vereadores/Proposituras/167"
"VINÍCIUS HÉLIO ROCCIA";"";"35/2025";"23/06/2025";"De informações ao Senhor Chefe do Executivo acerca da falta de medicamentos de alto custo na farmácia municipal";"https://charqueada.siscam.com.br/Vereadores/Proposituras/167"
"VINÍCIUS HÉLIO ROCCIA";"";"33/2025";"13/06/2025";"Ao Senhor Chefe do Executivo solicitando estudos para a transição da frota municipal de veículos de combustíveis fósseis para veículos elétricos, bem como a instalação de pontos de carregamento veicular no Município";"https://charqueada.siscam.com.br/Vereadores/Proposituras/167"
"VINÍCIUS HÉLIO ROCCIA";"";"32/2025";"02/06/2025";"De informações ao Senhor Chefe do Executivo acerca de prazo para instalação de câmeras de monitoramento nos bairros de Santa Luzia, Recreio e Jardim Santa Rita";"https://charqueada.siscam.com.br/Vereadores/Proposituras/167"
"VINÍCIUS HÉLIO ROCCIA";"";"31/2025";"30/05/2025";"De informações ao Senhor Chefe do Executivo acerca de prazo para nomeação de servidor “ad hoc” para atender à Delegacia de Polícia";"https://charqueada.siscam.com.br/Vereadores/Proposituras/167"
"VINÍCIUS HÉLIO ROCCIA";"";"30/2025";"30/05/2025";"De informações ao Senhor Chefe do Executivo acerca de estudo para equiparação salarial dos vencimentos da Guarda Civil Municipal";"https://charqueada.siscam.com.br/Vereadores/Proposituras/167"
"VINÍCIUS HÉLIO ROCCIA";"";"29/2025";"22/05/2025";"Ao senhor Chefe do Executivo solicitando adesão do Município à nova etapa do programa “Minha Casa, Minha Vida” do governo federal";"https://charqueada.siscam.com.br/Vereadores/Proposituras/167"
"VINÍCIUS HÉLIO ROCCIA";"";"28/2025";"22/05/2025";"Ao senhor Chefe do Executivo solicitando a implantação, dentro dos recentes entendimentos do STF e da legislação vigente, de uma loteria municipal";"https://charqueada.siscam.com.br/Vereadores/Proposituras/167"
"VINÍCIUS HÉLIO ROCCIA";"";"27/2025";"20/05/2025";"De informações aos Senhor Chefe do Executivo solicitando cópia de denúncia que motivou o decreto de cassação da permissão de uso de imóvel público utilizado pelo Grupo da Terceira Idade";"https://charqueada.siscam.com.br/Vereadores/Proposituras/167"
"VINÍCIUS HÉLIO ROCCIA";"";"22/2025";"30/04/2025";"De informações ao Senhor Chefe do Executivo sobre providências a serem tomadas visando a climatização das salas de aula das escolas municipais";"https://charqueada.siscam.com.br/Vereadores/Proposituras/167"
"VINÍCIUS HÉLIO ROCCIA";"";"18/2025";"31/03/2025";"Solicita informações complementares sobre providências não adotadas em propriedades rurais do Município";"https://charqueada.siscam.com.br/Vereadores/Proposituras/167"
"VINÍCIUS HÉLIO ROCCIA";"";"17/2025";"27/03/2025";"De informações ao Senhor Chefe do Executivo acerca das condições de serviços de dedetização, desratização e limpeza de caixas d´água de próprios municipais";"https://charqueada.siscam.com.br/Vereadores/Proposituras/167"
"VINÍCIUS HÉLIO ROCCIA";"";"15/2025";"20/03/2025";"De informações ao Senhor Chefe do Executivo acerca de cursos de capacitação oferecidos aos professores auxiliares da Rede Municipal para atender exclusivamente aos alunos portadores do TEA – Transtorno do Espectro Autista";"https://charqueada.siscam.com.br/Vereadores/Proposituras/167"
"VINÍCIUS HÉLIO ROCCIA";"";"13/2025";"19/03/2025";"De informações ao Senhor Chefe do Executivo acerca das condições de seguro dos veículos da frota municipal";"https://charqueada.siscam.com.br/Vereadores/Proposituras/167"
"VINÍCIUS HÉLIO ROCCIA";"";"9/2025";"06/03/2025";"De informações ao Senhor Chefe do Executivo acerca da possibilidade de se instalar câmeras de monitoramento nos pontos de ônibus na rodovia SP-308 e nas entradas dos bairros";"https://charqueada.siscam.com.br/Vereadores/Proposituras/167"
"VINÍCIUS HÉLIO ROCCIA";"";"3/2025";"21/02/2025";"De informações ao Senhor Chefe do Executivo acerca da demanda em espera por vagas em creche no Município de Charqueada";"https://charqueada.siscam.com.br/Vereadores/Proposituras/167"
"VINÍCIUS HÉLIO ROCCIA";"";"2/2025";"06/02/2025";"De informações ao Senhor Chefe do Executivo acerca de eventual falta de transporte escolar no bairro do Recreio.";"https://charqueada.siscam.com.br/Vereadores/Proposituras/167"
"VINÍCIUS HÉLIO ROCCIA";"";"1 ao Projeto de Emenda à Lei Orgânica Nº 1/2026";"18/08/2026";"Substitutivo ao Projeto de Emenda à Lei Orgânica Nº 1/2026 - Acrescenta o artigo 125-A à Lei Orgânica do Município de Charqueada/SP, instituindo o orçamento impositivo na forma que especifica, e dá outras providências";"https://charqueada.siscam.com.br/Vereadores/Proposituras/167"